datetime,0,1,2,3,4,5,6,7,8,9,10,11,12,13,14,15,16,17,18,19,20,21,22,23,24,25,26,27,28,29,30,31,32,33,34,35,36,37,38,39,40,41,42,43,44,45,46,47,48,49
2016-06-30 18:00:00,186420926.1482641,170983891.04938287,165526408.04824525,164268609.714459,161819843.200139,158588668.81057495,154824454.38840675,150803955.97256613,146565880.77392188,142557728.33138692,138189256.6431333,135280493.7735729,132090540.54300462,128318573.50524148,121521027.7044338,87976939.37325652,44856010.19655384,26991076.71779155,20212366.770039205,15461329.470788017,10372115.283819843,4936961.759526389,1993703.1283614808,1355237.4571635684,1564079.610948337,2505997.9290898805,2435417.1947976425,1411818.864525613,677617.0001445488,221469.8402907354,1225.646849729848,3.696781471392561,0.0655218089078859,0.0326069443056069,0.0195262746036372,0.0115454242037565,0.0068080964980208,0.0038636662611518,0.002176453529762,0.0011964464316455,0.0006444127956729,0.0003379114841629,0.0001710467035855,8.475512984711419e-05,3.933245770845602e-05,1.789177883338457e-05,7.0092081943398e-06,2.3249017703269584e-06,1.7077577286789295e-07,5.4242553917916825e-08
2016-06-30 19:00:00,182102463.463392,170044577.22352427,163873650.9862285,161270137.5295592,158108867.71717057,154692939.86467725,150886888.26938698,147035322.57564706,142987346.04613155,139292356.71731925,135533747.3111494,133378201.5399774,131024070.84627391,127632703.9802739,122170241.81848922,87451484.6713411,45018045.648714185,26989244.782886382,20081351.372233868,15314713.32872884,10252916.519340806,4883312.729514221,1973814.8067503204,1333315.6397917022,1538452.8144962755,2458114.886973748,2390363.989177269,1386397.1744766352,664374.2991363539,217194.86025458277,1794.1648105672457,7.901748361661428,0.1012149698418926,0.044250722315592,0.0264879104538899,0.0156693073048182,0.0092443226992514,0.0052485336633603,0.0029578341955578,0.0016265997329784,0.0008764735687509,0.0004598116400547,0.0002328559325093,0.0001154361082547,5.359070651435954e-05,2.4387241259763664e-05,9.55595298968626e-06,3.170123704079948e-06,2.315422959159043e-07,7.501320243291535e-08
2016-06-30 20:00:00,179801670.67380306,168873779.12720752,162347796.6543822,159432761.6493598,156011994.83216122,152383726.25486088,148426946.87207004,144489404.56631976,140421817.6739626,136750791.02689132,133052351.89128552,130966032.3345022,128862000.19384308,126780472.35453984,121239932.14999372,88003106.04602444,44969432.7898302,26885523.721360628,19934269.271099176,15172532.51988678,10137353.023335682,4818331.313384032,1943327.47634522,1308230.7938644444,1510393.287484541,2413705.98087451,2348170.872986807,1360861.4978392622,650973.6115580625,212721.3831688641,2132.976034667272,11.236746526482165,0.1161225022946633,0.0433131037888306,0.025891130073203,0.0153174842242364,0.0090374837229906,0.0051310774687057,0.0028916379163793,0.0015900687096238,0.0008567858784482,0.0004495015667235,0.0002276376796206,0.000112854089217,5.238589555840902e-05,2.38374030523624e-05,9.336723392944687e-06,3.0956489559595345e-06,2.233575673473303e-07,7.465436530748961e-08
2016-06-30 21:00:00,178024811.54950604,167659304.6033524,160863650.2509374,157712471.94186053,154121522.87362036,150384540.44971532,146377658.12769318,142433478.70734495,138394366.66298646,134764803.86453307,131116563.80378614,129060336.1188749,126991890.91885756,125034979.03934726,120639727.41631128,106222110.0579823,45006224.79923593,26763609.467715006,19784597.31818685,15031692.720934091,10023009.215130152,4751570.562162804,1911051.662303772,1282813.32759127,1482147.0518468288,2370422.917027093,2306955.791119021,1335574.8533596955,637715.4323229594,208273.5948364967,2411.0284058541115,14.522710071004296,0.1335005343334222,0.0424095349031969,0.0253039927205069,0.0149711925878901,0.0088338881127706,0.0050152991886863,0.0028263599424235,0.0015540125767896,0.0008373385318628,0.0004393053618194,0.0002224684913622,0.0001102931622872,5.1187240971072485e-05,2.328955383739707e-05,9.11667386573029e-06,3.0200573249939524e-06,2.1394408920840606e-07,7.429079340753594e-08
2016-06-30 22:00:00,175991307.89556244,165664000.88084462,158774288.29888472,155556967.82027283,151980000.12056562,148315516.87865826,144411925.9622349,140569859.01941398,136627756.5636673,133073693.06646964,129481656.75087053,127438689.130795,125335445.98221472,123212748.5412144,120073603.4507752,114659205.05074036,45986282.24499368,26853298.291915733,19673864.95121638,14885576.614267314,9904578.577344716,4708850.927868161,1900500.381026886,1264977.8639252265,1459696.409504572,2321896.639773143,2261454.402910909,1311529.732661451,625470.2320615462,204489.23914311387,3097.404764769796,24.6310183154289,0.2084438042203112,0.0418065619523447,0.0247374748146201,0.0146354508336184,0.0086359889873581,0.0049024973242022,0.0027626153429383,0.0015187238645565,0.0008182637941267,0.0004292867200355,0.0002173786176397,0.0001077677847022,5.0001379816624906e-05,2.2746517940262587e-05,8.897030750267155e-06,2.9437646465211658e-06,2.035001362855383e-07,7.392898972414964e-08
2016-06-30 23:00:00,173709952.0362364,163580437.14635187,156483060.94524154,153105390.2195024,149467285.71866,145819845.55854467,141986525.70493636,138234438.98925412,134383656.7351957,130908929.77982467,127382216.9047108,125356947.09634508,123251847.93297954,121189923.1979968,118431117.94340172,111853366.84517533,50491811.51834072,30750429.09536306,20079272.11146729,14738574.956297675,9771010.325345589,4795208.3812602265,2017411.913158606,1298154.2700045928,1473299.6285170862,2232572.276281539,2178239.0323742367,1294671.6398373798,621012.8374811572,206759.02648256093,8406.39499937571,199.4801907540937,4.15865649163159,0.1036010252031087,0.0249879517953204,0.0143681523238201,0.0084693277214113,0.0048064423246838,0.0027068070164361,0.0014870914914242,0.0008007176286528,0.0004199563330271,0.000212585821149,0.000105378776874,4.8867649652562186e-05,2.22228763942518e-05,8.682764988748674e-06,2.8678970195413536e-06,1.923810878375635e-07,7.35689456694865e-08
2016-07-01 00:00:00,171568843.67821553,161961679.26200852,154502255.27859578,150828340.58421206,146995688.07630557,143235880.98643002,139352195.9298937,135580534.72179008,131718240.38441992,128206826.46090262,124606360.36273122,122393221.38577832,119933386.61199702,117091162.8237394,112606336.3974151,102706933.84737816,60791968.90273981,38909884.78689458,23052144.9404784,14992263.212986996,9716687.93081853,5193475.79292868,2470184.3357427088,1517115.7973810532,1574471.2751536183,2038183.217461358,1977551.5484954452,1285891.823065583,645513.4537668817,235033.45327886112,34005.22384572504,3243.082368319178,298.6987216736849,23.04638461514072,1.4184496374440092,0.0865452247385951,0.0118014000114466,0.0049523085799942,0.0027050533041587,0.0014786288952241,0.0007929888395056,0.0004150977071778,0.0002097986606044,0.0001039474969936,4.812357725982091e-05,2.184994712635228e-05,8.519641155187537e-06,2.801960567594637e-06,1.828604638306925e-07,7.321065269739146e-08
2016-07-01 01:00:00,169392788.6847244,160969482.4452781,152911601.52017882,148751489.16054258,144563014.8409769,140559620.3163808,136529251.04928702,132683467.31549191,128805438.49068892,125311485.46965526,121761747.11590332,119597073.74184774,117226568.19516715,114532736.5844425,110376893.49882714,101407491.15857369,68525730.5561011,47338640.64786238,26643536.290239826,15849682.175212022,9878578.453104924,5521772.996230137,2842342.907917856,1739141.9371354668,1639621.2135383796,1902459.22473184,1820821.8697562085,1254832.415147585,662208.848217868,260273.15770501064,56166.96510980175,8667.488987556302,1179.589350646083,123.08742716050187,9.586268920265658,0.6084746318200417,0.0403784720804816,0.0063426806558058,0.0027523104495125,0.0014702248352418,0.0007847029997786,0.0004098612964736,0.0002068417769842,0.0001024128382,4.733728914925028e-05,2.1459492834179644e-05,8.349140257758328e-06,2.733151972716106e-06,1.726499063913486e-07,7.285410230321623e-08
2016-07-01 02:00:00,167876943.1280217,160281385.41218585,151808657.453422,147312277.22431573,142879078.66713452,138710481.33261016,134584486.93267733,130696665.93535164,126821434.31925564,123358956.57081293,119869688.10393807,117774926.01427533,115531708.28804928,113080488.02037288,109432164.64710449,101592741.87755038,73686474.80689201,53957553.36470408,29759690.58373777,16917425.659702793,10178169.86965954,5778448.938799441,3106882.65010322,1908032.734510447,1679766.6096717755,1812739.296757847,1709714.3049606278,1217494.876865221,667775.3808203804,277540.0889940799,72231.63279187246,14004.792490243006,2374.544071634239,299.9788963333194,27.565495259002443,1.947254052470512,0.1230831943667893,0.0106765190021203,0.0029211442926448,0.0014609285716722,0.0007741598219893,0.0004035088184863,0.0002033827689191,0.000100628500485,4.6448540932060585e-05,2.1028880500696577e-05,8.163878205795887e-06,2.6603890545419595e-06,1.6146298488696421e-07,7.249928602356812e-08
2016-07-01 03:00:00,166815176.40472868,159781066.2886965,151009603.01003247,146272931.8416031,141667492.7282449,137385702.5982803,133197745.72279777,129287024.866084,125421231.91395094,121989143.9422971,118551046.86835665,116515502.1389532,114367199.19033636,112110480.52017796,108880707.4285356,101960827.7407431,78330739.79071178,62580514.48605799,32883571.22055297,17977352.98937162,10517692.529047891,5982983.343546023,3290727.6168806623,2025284.2328874115,1702877.865982917,1748967.962656794,1628392.420554207,1181513.9331968585,665835.3130267314,287810.9307756496,83140.45551589353,18283.364702867235,3515.5549384312258,503.1162720650067,51.8520534044874,3.986428695456606,0.26127252747515,0.0183423565423816,0.0032404667283678,0.0014526940635171,0.0007616428312633,0.0003962056438642,0.0001994981979104,9.8641155549015e-05,4.547666317048466e-05,2.056620430950757e-05,7.967025964456254e-06,2.584748332464283e-06,1.4953122476270344e-07,7.214619543609602e-08
2016-07-01 04:00:00,166032868.20160222,159461570.73914477,150430477.8892194,145486178.55277744,140730637.2666687,136348490.43864077,132102661.66667771,128165655.91175072,124298436.25181828,120879261.14691688,117467011.81746703,115455557.6090478,113344109.92757194,111179271.50857095,108178825.10331713,101877411.20186074,84928091.69169472,74776049.88981089,36666668.75869863,19141520.907583665,10900245.680095376,6174948.247380501,3439993.613268287,2117858.328687972,1718995.3954528668,1697411.0583840546,1561175.4807848977,1147126.270890979,660551.0757297089,294750.0948532096,91647.08604260752,22005.58736459894,4610.756953986794,727.8728804462953,82.42227011791387,6.836132060430137,0.4711574337802662,0.0306571768722395,0.0037918823435685,0.0014519824766822,0.0007486393491205,0.000388579306377,0.0001954700167256,9.658509649388116e-05,4.447698073851331e-05,2.0092907774186302e-05,7.76611889337611e-06,2.507829718662336e-06,1.3740841551797698e-07,7.179482215929114e-08
2016-07-01 05:00:00,166054542.2059129,159860666.40171987,150517421.50024477,145294380.68063727,140305823.0014524,135744008.61866388,131371326.37625268,127352447.84886582,123440461.75262728,120001870.4845725,116590909.7943405,114587583.63276038,112501916.52819008,110397064.24800338,107646440.76410627,102221411.66103178,96197787.47086094,88767457.1457335,41100417.68034669,20481061.67036428,11334872.227028515,6368067.844502243,3570834.972493115,2195538.993725178,1731270.9262526685,1653497.3160772717,1502858.7700912624,1114258.117596474,653340.9403857293,299593.2407262392,98641.90647641088,25351.877491856583,5665.893225273161,970.3336201192994,119.16116056072973,10.614297737310606,0.7811770662590928,0.055551243660324,0.0083239714812147,0.0035130366008516,0.0018641643681211,0.0009863655635309,0.0005050283466772,0.0002536031181021,0.0001189807573523,5.475108072692515e-05,2.1625986115906773e-05,7.187487024138621e-06,4.594729177415239e-07,1.8884103802621066e-07
2016-07-01 06:00:00,167523845.73852083,161568230.86938715,151814644.12566915,146183969.96549663,140813887.18377632,135932051.29321733,131313020.90054268,127120430.82181212,123099531.1049357,119606473.75360145,116192877.143036,114243739.14804484,112306504.37590957,110533150.52161852,108617418.36411,105783811.97803216,100441239.5745312,89081775.85858813,75994331.22574897,25986470.227627788,12065755.923336336,6581659.796908719,3690576.691142397,2262339.674272168,1740727.7954320617,1615081.541535495,1451178.980447409,1082924.5269992177,644836.1899159705,302820.6610985951,104447.57455469568,28361.913546612464,6673.8937978311415,1223.5219884432715,161.23275100211404,15.365260654724736,1.2258763167896671,0.1080757250662842,0.0248531536092645,0.0121044245323815,0.0065761806496368,0.0035188693930283,0.0018193172247492,0.0009216450311523,0.0004366205148132,0.0002028176455681,8.096095847535396e-05,2.7266401048381556e-05,1.8338094594397876e-06,6.917651462342721e-07
2016-07-01 07:00:00,169818906.69407913,163885192.7318884,153840158.37036818,147923245.2847006,142259999.63286465,137113823.01852795,132272461.01322286,127904036.1683436,123748013.05113412,120156171.24724533,116680992.96807818,114709667.59808236,112786795.07207544,111084651.82707204,109359937.48204072,107122382.22070034,104435650.41175404,99381876.820985,73962758.39891429,32212680.219614755,13470155.869208768,6865703.759002265,3809030.0883975616,2322336.7130202204,1748497.7767536857,1580779.1931207408,1404458.048313641,1052964.17161997,635494.2950574534,304872.56114436826,109379.18141576038,31114.540220842555,7647.9168831106945,1486.6029450181532,208.52721005990736,21.156032479108227,1.818364245913955,0.1876241656718898,0.0520434959286276,0.026394917109332,0.0144183398136207,0.0077335139534493,0.0040064872231288,0.0020333915283038,0.0009650601665606,0.0004490921383448,0.00017954160041,6.054491609251059e-05,4.011619353371465e-06,1.5376664986552445e-06
2016-07-01 08:00:00,173231918.62081516,167003915.80568445,156800289.28881606,150698529.1627294,144808260.67051402,139425060.78911924,134355257.08365396,129778588.21492316,125440166.71464238,121710858.79264952,118131807.0997242,116098302.7326976,114128401.71996816,112388993.0452202,110625374.72076488,108330777.9305576,105548123.45654872,100368018.53154804,74012234.54574081,48431274.64185723,16354451.396441383,7308955.440268493,3936589.70466024,2377118.157077345,1754605.1358768267,1549753.152177655,1361962.2338611423,1024407.5407738816,625522.503081383,305854.3335756357,113482.34015674496,33585.13060429975,8569.512506842273,1751.4364190481867,259.5032525807827,27.865190398318795,2.5582039199126063,0.2952291528412261,0.0901136494692038,0.0464421615597283,0.0254074466469395,0.0136327273583496,0.0070644325017978,0.0035861024126596,0.0017020464688878,0.0007920980603729,0.0003165199182265,0.0001066017265013,6.871902795746483e-06,2.7252766147535824e-06
2016-07-01 09:00:00,176602017.98035222,169970465.35515335,159761256.1023758,153599169.27122602,147577677.3410122,142016483.45913827,136734459.75990325,131959400.70978206,127455153.24520764,123600021.0749025,119922338.06087436,117831484.11233406,115816880.27713692,114043108.05572136,112247472.04602472,109911161.165812,107076120.80409248,101809004.42648618,75767078.9516075,60508445.92392631,19645258.79416493,7954388.648597273,4088052.8320562327,2429777.109288339,1759554.7898848231,1521347.2859204763,1322932.260940981,997154.7353533676,615121.9153099611,305954.6310261196,116881.63033312396,35798.0463479624,9437.455480961731,2013.8924175392128,313.274270906583,35.39957825449618,3.4331150342146413,0.4235657889893498,0.1343423204230387,0.0694959280125831,0.0379981650573034,0.0203725713908602,0.0105485313186028,0.0053504720349972,0.0025368070495189,0.0011794094537033,0.0004704748011008,0.0001579931467982,9.809967852787397e-06,4.076878910840101e-06
2016-07-01 10:00:00,180117093.83888897,172899902.45601186,162738116.46972242,156550595.00946268,150411070.89754304,144680341.58881405,139225899.81659004,134298571.04838425,129666605.41341557,125714345.08847442,121957808.66748996,119825668.22192024,117778480.7003584,115982807.80904847,114174129.48893672,111832835.28753988,109043417.94376317,103947959.05297744,78678481.94407691,69416275.1778872,22620453.850900844,8668172.592131648,4247236.06921165,2473347.389143785,1759844.0500782393,1494648.1486530546,1287829.3409505717,971729.7691267992,604159.1713750393,304601.1828732229,119018.68265323224,37425.79026545727,10118.013440590395,2229.851351513817,360.2883967164415,42.37976278910744,4.290828211537598,0.5560510483281822,0.1807422574762906,0.0936093698393071,0.0511159946008813,0.0273674631931132,0.0141500132622089,0.0071670497834728,0.0033923027044434,0.0015745634959525,0.000626510854618,0.0002095652791548,1.2430531470836612e-05,5.467648322983732e-06
2016-07-01 11:00:00,183230817.5917632,175338630.503773,165331600.65704235,159221427.8914813,153052546.6400138,147260528.58409902,141730881.31171808,136730286.7610442,132028568.82530367,128018507.36531536,124206933.80960816,122048481.81083757,119975835.2436045,118160822.30798894,116339288.93943565,113993051.63374215,111260005.12287068,106401426.95724674,82053017.44823942,75402521.96618915,25117294.910149645,9363537.521850754,4404389.861510037,2508330.869056379,1755677.0830135432,1468898.946983724,1255747.3553338863,947875.681566802,592831.8080593856,302064.1525580035,120085.89606864202,38526.84759312337,10617.080245728135,2396.367289047901,398.6507844885594,48.367189655869005,5.05844611698986,0.6775475335323072,0.2231311250190045,0.115467972612442,0.0629379206815101,0.0336364617097618,0.0173591673791733,0.0087764921901932,0.0041450916958545,0.0019199791535349,0.0007615152361262,0.0002534787472421,1.421089132601942e-05,6.704723624518637e-06
2016-07-01 12:00:00,184515005.1074637,175915845.93837497,166310154.6165883,160563686.58100292,154699726.6768779,149153332.18855155,143808419.02667922,138936461.3365554,134310242.10360944,130338802.37558764,126531098.64226563,124379907.87232524,122298342.89646548,120469997.67989944,118634600.7954591,116276340.0499467,113581640.3954699,108924595.512047,84768969.0139991,77029783.09554987,27057749.468705773,10005080.207986567,4554800.254269256,2536660.462975923,1748103.8453723483,1443720.2532322034,1225836.8208617305,925247.686605788,581327.4440390654,298703.5761065931,120378.69549529982,39232.76122053776,10974.765669148974,2522.781757446685,429.38869221097934,53.36347251835259,5.706512336597345,0.7733903272718676,0.2536801121232954,0.1307799482528439,0.0711341440084173,0.0379465056177143,0.0195463371217091,0.0098639909295305,0.0046480274520933,0.0021482441889583,0.0008489808938943,0.0002809526622412,1.4649948104018847e-05,7.572058918460179e-06
2016-07-01 13:00:00,185714877.8034472,176590234.45525816,167271916.1438173,161776487.6369624,156115644.24669978,150724442.80940285,145487534.56209725,140682396.6619848,136085569.74518007,132119829.54075558,128296217.99554358,126136156.6181206,124036698.45129377,122188159.5399851,120329186.23289922,117937962.76357695,115215150.28429966,110567737.4823059,87327147.42055686,79117109.35970299,28879809.546124604,10674639.154268963,4726131.289678254,2570066.113885871,1741673.4798204624,1419591.5614816532,1196987.5595152755,903199.0730631588,569944.43183678,295259.0934827133,120561.51517353368,39891.7001719046,11322.175824361431,2648.4199885203125,460.8753814546084,58.6120721448583,6.384516991098256,0.8630485267616013,0.2779566303270595,0.1423364174097053,0.0772355033921123,0.0411245743300645,0.0211436184970426,0.0106506148651175,0.0050070624462945,0.0023090844692233,0.0009090793580641,0.0002989153812716,1.4374546490490402e-05,8.231824192393231e-06
2016-07-01 14:00:00,186375977.5127301,176837805.52830732,167784989.94669873,162538546.43638584,157091678.04876098,151870807.03153348,146757581.42386532,142032886.7891988,137477123.3595873,133525883.98306447,129694236.94041184,127528313.78445624,125413723.83629423,123546382.66892356,121663023.7469284,119234091.72642852,116458170.41956677,111743603.56387378,89809351.93081945,80905227.7403995,30726644.97598104,11422752.51345363,4937842.86851177,2616281.953497732,1739114.9757096209,1397001.3668641916,1168853.1091647812,881480.3090319089,558800.1141904222,292044.8790010843,120928.41727931768,40667.300505552,11725.287061126355,2794.3825757524587,498.059561873694,64.93146585094573,7.19658465781967,0.9575952856603174,0.2977472417897763,0.1508423254236997,0.0816230418382829,0.0433796337483063,0.0222623217718696,0.0111943536152231,0.005250533889136,0.0024160234904407,0.0009474244892669,0.000309340195367,1.3618062305372403e-05,8.727789637217072e-06
2016-07-01 15:00:00,185531553.11344823,175729782.9195922,167006285.28915307,162110075.51701674,157009516.18363932,152092873.25680903,147224148.88111016,142679324.74269167,138242531.5505689,134362276.53817353,130563556.08106208,128415016.00765672,126300807.6240842,124423789.2523923,122520459.40502568,120054515.70845278,117214136.66561928,112412335.8956286,92882083.26481724,85008924.77879195,32858848.56835705,12306178.137566788,5213688.360907005,2684657.9511957797,1743591.362794572,1376698.865430878,1141320.238517421,859932.2409266172,547979.6130141929,289311.4205689316,121728.7613027678,41709.46970657743,12249.56717322136,2983.2274540654494,546.7963462574068,73.3897049312688,8.285549741614512,1.0695795616496273,0.3132130353499793,0.155902475065885,0.084068556192619,0.0445977172282374,0.0228488708475225,0.0114707225608888,0.0053681730746016,0.0024648585684626,0.000962627806984,0.000311853988398,1.2443227952706e-05,9.048055365467824e-06
2016-07-01 16:00:00,184540823.4913197,174812751.52129894,166135019.42194763,161346132.47453552,156391443.45185977,151628805.55498266,146905991.123935,142489020.35814583,138158028.64791018,134360270.26402202,130622719.44596404,128519245.66163456,126440281.78292964,124599716.51170167,122754474.93050896,120413496.10524328,117887865.33718678,114097152.01931924,96381806.60350966,94261395.270754,34120081.62734869,12727032.543500222,5327539.727847013,2698150.2592345336,1729182.5799352436,1353081.677213227,1116541.010954288,840529.8021038988,536564.523569087,284433.64024278213,120461.92401660063,41589.92948744728,12305.560100584076,3022.817980171499,560.4037847153681,76.14974859504504,8.676943259376845,1.113533044563437,0.3199856350593759,0.1581726434893494,0.0851300034143244,0.0451017152010443,0.0230748402584668,0.011568533777009,0.0054030162429333,0.0024761224406758,0.0009630562811629,0.0003095813436198,1.1048459385284151e-05,9.261915220222625e-06
2016-07-01 17:00:00,183202624.9412785,173605676.7155414,165004297.52960134,160354933.1473082,155578164.2747497,150997119.3897644,146440419.3165004,142163268.01458275,137942541.14787957,134225125.0569451,130542197.56230178,128472567.96497232,126414558.90101916,124589530.02162524,122765805.66195354,120480079.38642584,118136106.29759496,115170259.27420828,98115856.50773096,100463599.40833692,34595418.30481045,12828094.165742757,5326582.136811815,2673654.3334351727,1702546.4803042947,1327249.2540586495,1093171.2193546747,822337.6796131601,524962.8250217476,278556.3804385202,118207.78955836126,40910.16022228496,12134.26076025423,2989.783975900086,556.7577824008121,76.06072760531845,8.710516946823086,1.1200529197444415,0.3208547776057217,0.1582326386587538,0.0850651097750443,0.0450222941078728,0.0230068180026346,0.0115211136678143,0.0053706950114736,0.0024569441968132,0.0009515848959012,0.0003034339397679,9.567018816934605e-06,9.387720571388204e-06
2016-07-01 18:00:00,181376376.36667395,172005130.91058207,163542775.23407462,159088373.11109117,154532529.93027014,150160183.1532423,145779754.0086091,141637822.58827204,137513751.3562353,133859604.81450596,130216603.07116991,128168041.48056662,126122806.18720272,124306098.46555342,122490189.3527244,120220262.82613648,117938701.20505436,115396183.78827678,98728806.04708087,104806881.17384247,34693800.30939912,12792758.018366426,5278100.138038876,2634089.372913569,1671437.314645608,1300804.3733279563,1070496.803651348,804748.089485126,513444.84398728784,272440.49571555137,115676.769347228,40066.98772858889,11895.7910674183,2935.146367540002,547.9307126555417,75.10070851744906,8.6283482069826,1.11102482147847,0.3175888262614572,0.1563435795039583,0.0839735688721902,0.0444083690336626,0.0226696126739328,0.0113408488442347,0.0052770628958169,0.0024100029851117,0.0009293272698304,0.0002937789079991,8.064023663366074e-06,9.430949277022e-06
2016-07-01 19:00:00,179903050.26856533,170879982.75407505,162458010.40791,158082012.2781198,153622364.64450046,149341914.9790635,145041884.89899477,140964303.73029813,136889606.09325653,133270158.48895952,129653058.14379568,127618427.7930476,125584538.6202218,123776966.43980493,121969629.01990004,119710680.62557966,117450713.61058764,115107669.5539782,98727895.02899411,106938843.52666156,34647170.360247575,12710994.007076342,5214299.707659802,2590088.119260781,1639276.0864766226,1274460.4692431954,1048277.2650581368,787543.3980681308,502106.1004857702,266350.34329078696,113111.42855287496,39194.15020732092,11643.511485939349,2875.7189685853937,537.8753052389424,73.9194278474273,8.512626515036404,1.0955751892133614,0.3119022876253188,0.1532144821238402,0.082222395352738,0.0434505577680991,0.0221593316466713,0.0110752072248672,0.0051441173804824,0.0023452790463558,0.0009002173266952,0.0002819331646474,6.6419616355772775e-06,9.41914891201578e-06
2016-07-01 20:00:00,178859496.53762633,170133270.81743345,161749694.70885947,157398410.7029718,152959590.18817735,148703341.12278783,144432661.37605822,140383645.23878387,136334155.86239737,132734574.12911469,129134991.10064678,127110225.60153228,125085461.01083463,123285692.46993324,121485901.72034574,119236161.86852422,116986278.51860017,114700450.44619912,98561695.252608,107302551.90983832,34562121.31137153,12617902.906944392,5147099.497555071,2545401.047620132,1607211.5540509794,1248449.904910922,1026440.84140309,770658.3054586941,490972.6518311693,260359.13687389772,110578.22681013856,38327.92236893693,11391.765282779214,2815.988080345101,527.6433642315683,72.69170178200218,8.387015087758108,1.0772478705057351,0.3048850496111115,0.1493798051267547,0.0800939843911895,0.0422957113878072,0.0215498362692517,0.0107605719486774,0.0049886675615534,0.0022703814227927,0.0008672422535892,0.0002688995934475,5.362033372611054e-06,9.373280445046444e-06
2016-07-01 21:00:00,178396425.0989588,169791917.94654027,161342034.35412762,156915476.33238503,152442172.58320653,148183818.14377207,143924433.87227747,139889169.91401246,135853904.66427013,132267002.26989783,128680099.8882033,126662467.28243013,124644834.89446224,122851407.40765628,121057956.35049143,118816142.26558784,116574290.89062464,114308452.22493044,98353671.92757228,107167217.53422436,34467219.95819766,12522359.165964046,5079506.303513782,2500970.8339841915,1575530.371315143,1222829.9009327013,1004968.6366547048,754074.9707711698,480049.0657702483,254483.3908359076,108092.71318280052,37476.9546038069,11144.020185523634,2757.0555629067176,517.5017426620267,71.46676768255027,8.261086906271876,1.0590370657489712,0.2979977231843224,0.1456249849837619,0.0780097142071661,0.0411644278833286,0.0209526056735253,0.0104521116003128,0.0048362777324415,0.0021969214585629,0.0008349496991045,0.0002561913447326,4.302877200386621e-06,9.327624648830074e-06
2016-07-01 22:00:00,177937927.4311173,169370075.05248567,160889473.3651838,156445000.0820347,151977010.75464058,147730650.14468038,143484231.93929932,139461308.86546272,135438385.80209115,131862454.20708136,128286522.61513636,126275061.08163702,124263599.6302166,122475657.84793076,120687692.09571916,118452734.81235036,116217757.89647774,113961867.5001257,98135146.58769736,106937177.8089024,34369797.31937368,12426578.338875305,5012271.416662409,2457031.4181981445,1544301.8113825663,1197612.5029568083,983853.6367270576,737786.5398193833,469334.26051888376,248725.57848051828,105657.90377520012,36643.08375510854,10901.044768220652,2699.171218977744,507.5108959002061,70.2547623423419,8.136094019559016,1.041052968270784,0.2912468319966287,0.1419498920201295,0.0759693553307676,0.0400566074521979,0.0203676163347941,0.010149833916792,0.004686964082463,0.0021249158206409,0.0008033529276133,0.0002438198210479,3.43448990386482e-06,9.28219093331194e-06
2016-07-01 23:00:00,177470870.92434007,168907857.13826817,160396104.43440872,155953669.07659054,151498629.0204283,147265589.4497813,143032538.55626,139022279.78869623,135012021.02242205,131447346.5817278,127882672.1425331,125877542.75849982,123872413.4219206,122090100.35615636,120307763.15775491,118079841.60360488,115851904.35688113,113603961.9422632,97914112.148536,106797407.56537876,34271887.87037378,12331109.903061828,4945583.013125921,2413641.026920136,1513541.758917892,1172798.8577947484,963091.89169612,721788.9272915017,458825.8138738561,243084.79177910724,103273.78990355428,35826.50058073262,10662.957552558051,2642.381914180884,497.68392908873096,69.0580965677235,8.012343188400518,1.0233206293849428,0.2846322952140369,0.1383535695938707,0.0739724039347235,0.0389720242615867,0.019794782584784,0.0098537165972853,0.0045407284399216,0.0020543746423323,0.0007724620362555,0.0002317943910489,2.7289060866557357e-06,9.236978219709552e-06
2016-07-02 00:00:00,176961541.95996448,168408393.99313703,159857391.19721934,155413909.26420897,150972846.83582023,146754460.38967282,142536101.2672858,138539761.29956993,134543421.33337775,130991119.15966912,127438816.98707016,125440647.00334744,123442477.05844104,121666350.21669926,119890199.1461474,117670010.26069206,115449806.76621458,113210016.94689149,97692769.4595952,106812433.29427676,34174215.9391571,12236088.012315284,4879488.244373384,2370813.977945586,1483252.7766057618,1148387.359292302,942680.170962885,706078.7056993708,448520.96914115024,237559.311101833,100939.63662011296,35026.99778204052,10429.719146547104,2586.685078413404,488.02237736886656,67.87728609474398,7.889908908650069,1.005844284168256,0.2781525089738367,0.134834912458293,0.072018315512981,0.0379104336504164,0.0192340080372659,0.0095637314650086,0.0043975690265544,0.0019853060563597,0.0007422856830149,0.0002201228595351,2.160627775298892e-06,9.191985434473788e-06
2016-07-02 01:00:00,175723700.9045152,167214629.81588173,158591707.87382928,154144052.28088906,149734618.5081073,145550696.69416872,141366938.01825416,137403378.32393667,133439818.63304952,129916654.48172092,126393490.33140156,124411710.4854009,122429930.67615862,120668372.94365837,118906790.88318472,116704813.27289298,114502835.66255458,112300857.99587944,110098803.40035,107791821.27168332,34078724.62033006,12442930.21247166,4814420.677478412,2328553.750373273,1453434.015742821,1124375.6585620886,922615.3898902636,690652.593270609,438416.8872776541,232147.23465771636,98654.54419709391,34244.27493930337,10201.25251799162,2532.0662302407604,478.52495747648726,66.71238017019988,7.768808322020609,0.9886230203448374,0.2718054962304825,0.1313927764878425,0.0701065314097203,0.0368715822884722,0.0186851900866028,0.0092798463506593,0.0042574812428551,0.0019177164473199,0.0007128311809622,0.0002088115180113,1.7068249788455224e-06,9.147211509263636e-06
2016-07-02 02:00:00,175429300.0790106,166973157.67294747,158293128.24144143,153801759.31798336,149381018.5397782,145203801.7632781,141029868.84680143,137075757.48103854,133121648.37847117,129606884.76023336,126092121.14339311,124115066.59743144,122138012.08899929,120380654.66817014,118623272.87466748,116426545.59787977,114229818.32104532,112033090.98807716,109836286.97901043,107534794.79398212,33983754.18580061,12677687.34523231,4750416.595468832,2286861.1523906454,1424083.6660290763,1100761.1596676155,902894.4697902811,675507.3308681492,428510.7110975551,226846.6326423685,96417.58512456136,33478.013006560745,9977.47238618193,2478.508147916453,469.18970814423375,65.56331169257182,7.649044195678478,0.9716546412452208,0.26558919152861,0.1280260062875567,0.0682364856634684,0.0358552108730289,0.0181482211623885,0.0090020256172852,0.0041204579098351,0.0018516105235734,0.0006841045329039,0.0001978652088948,1.34739434550625e-06,9.102655380920764e-06
2016-07-02 03:00:00,175209343.3827567,166858777.08433703,158109479.9350001,153543281.6659475,149074635.83136275,144879654.9078322,140708127.03703037,136762120.3642364,132816997.4592086,129310275.39774787,125803555.39494804,123831025.3953458,121858495.52942058,120105159.8100427,118351799.88358612,116160099.88448235,113968399.88526057,111776699.82276209,109584919.93196672,107288512.4107093,33889814.331256695,13149635.183377383,4687807.749225405,2245737.1177690383,1395199.7231005684,1077541.1634852618,883514.3001719574,660639.6512988524,418799.5834275053,221655.58621921163,94227.83809959916,32727.892753814427,9758.292470500895,2425.993123213453,460.0145156442525,64.42998333437758,7.53061550634877,0.9549366210400224,0.259501512301149,0.1247334425850312,0.0664076070360625,0.0348610550046222,0.0176229891912475,0.0087302303580774,0.0039864893792511,0.0017869913486694,0.0006561104538564,0.0001872873952159,1.0649087255867918e-06,9.058315991445116e-06
2016-07-02 04:00:00,174936043.87049612,166638305.36417866,157850612.72658294,153253379.95345747,148769689.1490969,144572930.93517938,140406569.542118,136468307.01623338,132531590.53951444,129032400.74529484,125533216.25494912,123564925.0215196,121596633.94262604,119847065.9551798,118097473.83156689,115910483.57419889,113723493.3166944,111536502.99451272,109349432.3235802,107057894.07675724,33797752.60939002,14201124.099698309,4627392.54460102,2205181.397617397,1366779.6773136326,1054712.836125267,864471.7419521605,646046.2801898384,409280.6503037286,216572.1931820665,92084.39387859352,31993.59845264301,9543.627054831091,2374.5034687519083,450.9972357943639,63.312288041301166,7.413519990285955,0.9384663390263304,0.2535403772458844,0.1215139246254025,0.0646193198601667,0.0338888456177082,0.0171093778641381,0.0084644185176861,0.0038555636130359,0.001723860366024,0.0006288523928584,0.0001770802326712,8.444846051767269e-07,9.01419228797057e-06
2016-07-02 05:00:00,175308880.60005593,166954594.12549236,157977191.7782119,153216472.5825095,148620922.06350383,144361591.53749758,140167482.12302262,136219897.88708684,132281927.23408768,128784416.4880875,125288978.39731844,123322666.590714,121357080.05341598,119610235.7874619,117863647.80222867,115680704.54646496,113497872.9217994,111315111.04571974,109132312.59037174,106845240.72195368,33707641.46359114,15251499.642090622,4569160.706781514,2165200.9267098475,1338824.7666991036,1032275.5680507044,845765.0072318487,631724.7676735887,399951.5698870304,211594.88316143383,89986.54946338553,31274.935738272176,9333.46247579522,2324.064986011492,442.16216846308464,62.22606439643869,7.307349579224898,0.9277943718335318,0.2508912768976733,0.1201494466527366,0.0638495595163195,0.0334613188208918,0.0168769107950476,0.0083406618277419,0.0037919147405274,0.0016919332451151,0.0006141252810169,0.0001711793454136,9.033809906758958e-07,9.06911740896255e-06
2016-07-02 06:00:00,176795012.55712032,168219639.53594393,158836674.62812892,153709186.41158557,148839854.49759904,144404582.76468042,140121885.87833232,136133872.9763585,132176482.36235434,128668987.09237716,125168930.54813495,123199679.97895288,121233038.27153572,119486086.81853507,117740122.73262268,115558722.94530784,113377727.1223663,111196984.2778518,109016319.37566929,106731464.32549907,33619709.87356933,16294973.786439192,4513103.664493173,2125807.1140919253,1311338.800749585,1010230.2956221428,827393.2603505313,617673.2538041192,390810.373993073,206722.33337145025,87933.75718490439,30571.80139129824,9127.83909273569,2274.7361921738952,433.5536332728126,61.19931452319828,7.229072996581524,0.9327716913410036,0.2572257450393225,0.1238221073412859,0.0658497093006722,0.0345173000112869,0.017410914751561,0.0086046086171158,0.0039117158703599,0.0017450447033539,0.0006332812630015,0.0001766721831674,1.59029939766661e-06,9.4079215718383e-06
2016-07-02 07:00:00,178580586.27563995,169982390.17107132,160323497.61941442,154885381.1303522,149681581.51536825,144949212.5965561,140463248.44008133,136368328.13832003,132363177.65137896,128833472.03000233,125320414.66629247,123343931.98045848,121372078.0598297,119621333.99071586,117872284.59817508,115687746.39320564,113503885.28862952,111320446.90264736,109137095.87376057,106843977.65744822,33538376.242981013,17217954.459817506,4459526.962350065,2087052.6077967032,1284330.1520950687,988575.3178575904,809352.53274106,603887.9741708835,381854.2435142753,201952.84570886716,85925.25312548898,29883.92875289322,8926.676607026615,2226.494241195176,425.1640684733269,60.22824732962017,7.176427744268534,0.9520779958593808,0.2717821839415943,0.1321029860381155,0.0703828065232174,0.0369291114779196,0.0186447507258776,0.0092221844552366,0.0041984457234284,0.0018753420637646,0.0006829745908457,0.0001922778942007,2.683937218425474e-06,1.0014141899279e-05
2016-07-02 08:00:00,180888137.69693437,172301397.7433404,162473650.8045894,156785143.13948905,151223989.58286518,146137673.9625629,141349535.75301316,137041278.50127032,132911353.12932424,129319147.51655428,125773348.70447092,123781349.06183472,121798367.47742385,120039172.72146808,118282665.70341744,116089710.7202327,113897767.07915656,111706432.12316328,109514152.67949536,107162488.11190005,33508436.870206524,18957798.9720874,4416626.012744802,2049664.5408142384,1257976.4368868943,967339.6568192028,791632.4734026742,590360.2848455637,373083.4410385089,197290.23454043703,83964.48090212003,29213.058177560357,8730.59673104583,2179.5156668766977,417.03244461831497,59.31954690310977,7.150641873232982,0.9860644532456732,0.2947079871153393,0.1450557910414155,0.0774741879024882,0.0407049969694777,0.020579658568891,0.0101924596578733,0.0046507108940232,0.002081725432723,0.0007624517839851,0.0002175567089773,4.058113046455805e-06,1.0889946432254006e-05
2016-07-02 09:00:00,183251934.96128988,174628037.2652275,164791722.9708983,158970730.89050817,153191343.30041543,147845474.46743873,142789605.1143118,138245202.08735108,133935130.09474564,130226764.1864616,126611196.72164951,124586277.41817872,122582483.4041912,120808657.60217758,119039350.74386552,116831559.06831764,114625123.71453616,112418978.92753746,110201279.03004213,107620617.30519286,33740217.54966924,21890346.006929856,4431390.178494028,2017609.6958119792,1233300.5208824312,946715.7251746906,774180.6539308424,577047.056807156,364518.6693364081,192780.09030536213,82089.87278669613,28579.06900830001,8547.01687270915,2135.975611073483,409.627171756758,58.53449034454853,7.150500678540241,1.0293090006211163,0.322419820142078,0.1606128956534305,0.0859676721602542,0.0452159978333828,0.022885514278503,0.0113457988010755,0.0051868246072494,0.0023256515821312,0.0008559866483109,0.0002470414551105,5.329642659973276e-06,1.190876588902846e-05
2016-07-02 10:00:00,186398313.55404088,177323719.3237477,167503124.3522315,161618264.27917525,155695796.90536317,150189407.3563191,144973357.10152936,140276634.58597043,135832568.32562023,132021007.01305076,128324338.48383787,126252946.1415062,124202291.47686966,122341239.71818806,120190779.38610695,117073317.34331772,115020453.1141604,112251601.88310868,109901158.94950584,106860052.3674567,34106427.61588718,21713473.15723484,4475604.090157388,1989492.6909343563,1209841.9870534004,926615.6515341416,757015.9940699458,563961.6955555896,356147.6025065094,188402.0953511208,80285.99988319492,27974.590528159053,8373.361831518392,2095.153315466674,402.7895952715489,57.84254161279835,7.167497582020124,1.0778741511952792,0.3526901821192895,0.1775043432251657,0.095151008687933,0.0500730839959122,0.0253573471058628,0.0125765102293672,0.0057557551826577,0.0025829859865644,0.0009537329267752,0.0002773263922261,6.330034907628618e-06,1.2989469675510466e-05
2016-07-02 11:00:00,189775917.5059656,179958658.99579936,170330276.925502,164554110.47362295,158651851.19228646,153106578.93589196,147794607.41930413,142951958.7171849,138274222.53865546,134062643.04714482,129481596.47750424,127581756.63332497,124399508.8871647,122271108.36366075,119819710.9047566,117055366.38991956,114640079.04714154,112043832.15213364,109561145.61523676,105945539.22990806,34637061.57895005,21530748.70813804,4558707.86213526,1967130.847384893,1187955.161163485,907107.5606983984,740119.767873415,551086.1678215415,347976.823943448,184174.58380952835,78569.96072106155,27409.25870372268,8213.504968004352,2058.257185146374,396.7890032281931,57.27420124250796,7.195296200175629,1.1248013137041972,0.3811912898344855,0.1932748763851791,0.1036690078144035,0.0545484655206261,0.0276182810880715,0.0136935472200605,0.0062669491287534,0.0028116798413659,0.001038936026455,0.0003028029100109,6.817978710382197e-06,1.399220961601298e-05
2016-07-02 12:00:00,190591492.71445167,180044036.92966646,171001345.45303357,165777304.30716786,160312078.62727913,155041644.3560473,149817239.6814845,144849327.2942157,139740972.4159009,134455042.8948036,131368877.89269257,127235912.64192136,124769193.65158749,122007903.1751498,119619960.99241534,116905198.30297278,114343192.4688443,111788438.064529,109153485.78110433,104789678.35974644,35417050.86711247,21342706.310400896,4704792.945900864,1955066.1522991708,1168551.5370280594,888368.881755699,723451.6932300185,538381.0278751707,340026.4655346009,180145.34646045708,76985.25795785013,26907.45250036637,8077.263056823869,2028.368592838222,392.3232981080564,56.915879961167846,7.223134117883895,1.1556101893034778,0.3988833732634686,0.2028573244042743,0.108763688551945,0.0571819297064023,0.0289230526430414,0.014324556133199,0.0065466170847105,0.0029322755903678,0.0010805240183997,0.0003133209153715,6.378869805499167e-06,1.4659389562819807e-05
2016-07-02 13:00:00,191166813.3260372,180351749.03823808,171501127.43437457,166455360.24879444,161140712.7695505,155992690.20109865,150868513.6777288,145994199.32027075,140993301.3940881,135855611.0569151,132125051.46097226,128169177.48560594,125057390.3230117,122030285.55365811,119452604.98979972,116697709.23864684,114084016.76004632,111499038.9204039,108740407.31006524,103761110.79560266,36034696.78290729,21174477.117878705,4814607.358298446,1941271.8221400704,1148726.0573931255,869812.0177546835,707146.4718131678,525964.1962041204,332213.673526462,176147.22288068343,75386.94455985517,26390.596721473936,7933.730666650005,1995.8877340644297,387.1640703144008,56.41836081858269,7.222270865807009,1.1771770454701227,0.4119509784995047,0.2098829957519541,0.1124471883273458,0.059055187454593,0.0298323478402842,0.0147541198920866,0.0067300786737432,0.0030078503488302,0.001103908395834,0.0003176182974188,5.737908279235125e-06,1.5191280286911962e-05
2016-07-02 14:00:00,191520501.5221496,180429465.7072068,171729314.59345013,166824853.026954,161615455.05644605,156519361.0801345,151367444.71590275,146328707.53181264,140842541.83544785,137963392.04810208,131680793.2209594,128801034.02955154,124932138.13738994,121963211.70617768,119305284.49153936,116482373.11825524,113827861.93549004,111204854.31125078,108350721.53168622,102899528.82067014,36460981.78291564,21021515.94960491,4880091.182569676,1923158.152453395,1128084.573033148,851358.7736403989,691204.7693492143,513839.7624332913,324529.662062068,172167.566339776,73765.26868488696,25853.69885429087,7781.025590428136,1960.2563742552677,381.1856406788186,55.76133709171998,7.190416426986577,1.189489578316456,0.420531999367003,0.2144524417944854,0.1147835021116877,0.0602069807969004,0.030368596055183,0.0149948159601957,0.006823998871575,0.0030418345401629,0.0011106807575194,0.0003163651652922,4.987709346372984e-06,1.559670531877258e-05
2016-07-02 15:00:00,191352662.9476657,180193297.89469773,171653928.4063934,166915719.1496218,161862664.5483504,156908563.17368934,151891060.87085423,146998432.7519201,141686651.59642932,137410084.65653333,132260062.96967667,128566314.04602544,124899870.67338698,121829951.07689558,119132663.6833795,116262635.35827965,113571810.42054692,110915736.2727019,107988385.3027928,102175024.0981666,36739426.72507302,20877631.83043848,4911141.953397119,1901092.9888510543,1106832.5683262595,833052.2666010681,675605.9787136138,501991.0645490175,316980.5498733817,168223.41137048468,72136.03069915365,25305.57926694114,7622.692673456285,1922.6053787947355,374.6630212765508,54.99489924532166,7.136510342922328,1.1950104690042131,0.4258041356664169,0.217219580713515,0.1161373634883152,0.0608359031735462,0.0306362325015988,0.0151003904227166,0.0068543511626233,0.0030465230000248,0.0011059141111093,0.0003113697455265,4.2561679929289766e-06,1.5913664405007175e-05
2016-07-02 16:00:00,190137374.34440964,178892612.80820754,170580014.6139251,166092682.6001091,161277886.20665398,156492879.5838059,151530825.31299517,146506881.9156061,142990361.6269134,136944033.89184827,132434324.64649343,128390064.32757232,124777901.23377147,121703846.7692443,118962087.3319402,116049016.35674416,113316618.39311352,110619986.290005,107608680.64483508,101405974.2986802,37053182.89504814,20737958.07074324,4952434.2251750855,1881888.5177456865,1086410.5752820985,815168.7436441336,660294.5756533883,490366.2713099715,309597.09544859873,164379.29045343475,70554.95552674675,24776.16975855469,7470.363518322547,1886.5015917814592,368.4174962902477,54.24950074583484,7.073444498041914,1.19286536013512,0.4265242710674834,0.2174583815485866,0.116119589670533,0.0607403563080196,0.0305349018051041,0.0150219768484399,0.0067990198393182,0.003012124563599,0.0010859647930813,0.0003015362740633,3.4812089000552828e-06,1.611003957345609e-05
2016-07-02 17:00:00,187881520.9494412,176865880.8853808,168750970.89106995,164517308.00149035,159995565.99481514,155508380.32019672,150857721.2444256,146235697.1816269,141179744.71094835,137992658.08210242,132313402.26228815,128817307.22025432,124761868.12839907,121599457.85608202,118808266.75887772,115847101.20045394,113061640.8348144,110307067.59945758,107179926.41852018,100497716.24704283,37491278.56418932,20604461.841394342,5028015.868632586,1870227.93602052,1067753.1092263816,797885.2957319429,645242.0014981519,478934.9719661826,302397.4578111074,160674.25712975854,69056.5963917713,24284.53171851922,7331.644409759655,1854.343143835725,363.0235221356589,53.62517740630414,7.015677017892008,1.1854043327977968,0.4234769013409836,0.2155756952631465,0.1149556491122169,0.0600432085028487,0.0301294312112362,0.0147930333887525,0.0066742685966459,0.0029463768721063,0.0010540684684039,0.0002880426249378,2.736918312863901e-06,1.620788004770356e-05
2016-07-02 18:00:00,185159390.53555247,174565682.45384657,166561749.4241592,162505537.56845132,158223978.38837335,154008481.64389285,149666428.7284682,145449953.2512996,141112396.7823884,137025550.8575538,132275619.0544244,129043611.04414622,125043968.23511514,121719193.87547465,118712921.50872836,115662810.88144256,112803649.33839063,109962702.1313644,106665137.55886516,99361101.74088591,38129126.18219182,20484923.46929416,5161949.6762408335,1872250.4470179377,1052075.5980590608,781432.8359770861,630422.9023450355,467663.1669738615,295404.90031233936,157158.1161474914,67686.12509275145,23856.368960946704,7217.118281268064,1829.567165633233,359.3297371484082,53.27423992928858,6.985601850285433,1.1761061129729486,0.417715650503894,0.2120910859212541,0.1129254585272036,0.0588933522422499,0.029496604917723,0.014452320152787,0.0064985123997541,0.0028578441187483,0.0010137094323607,0.0002721085800927,2.0768996452797308e-06,1.623116962850303e-05
2016-07-02 19:00:00,182639868.77629727,172648114.90374884,164575498.2847011,160521772.11948398,156307409.09149876,152191639.65236512,147972281.0712702,143897546.48187086,139743228.63235936,135952185.71604177,131974252.461018,128954189.14311436,126440725.02630188,123006049.2738934,119371808.32014383,115606495.27889515,112555851.01652925,109595405.32506168,106094832.028227,98134339.40773928,38823565.97842226,20385616.537733037,5318646.060725611,1882922.4478542048,1038348.0051939742,765598.9698804042,615882.8300641465,456589.77432219737,288586.7569235635,153770.14527887345,66391.71516018742,23463.721096182035,7115.826605998918,1808.775124066443,356.5421682970005,53.06594819916901,6.967724908204588,1.1641538222734271,0.4095345722971563,0.2072214887711218,0.1101511730510349,0.0573562838947616,0.0286701611892594,0.0140168791793467,0.0062798589075533,0.0027503230621237,0.0009664510038322,0.0002542999653168,1.4996655655714511e-06,1.618898573162525e-05
2016-07-02 20:00:00,180662692.20139983,171262771.4568713,163026616.79375428,158869660.5037037,154615809.51478705,150501930.87107214,146315756.41440675,142301420.4435452,138245672.02003908,134612708.14854652,130946354.48929328,128819733.22987583,126536562.3369924,123868480.59125865,120760733.51479304,117355852.4212578,112950341.2115598,109263775.25952256,105474547.64377148,96838887.59984504,39546676.24237308,20311194.112540405,5492881.523102515,1902327.5545327167,1026657.8917971572,750393.1395303672,601632.9359231105,445718.29049396166,281937.5758011846,150503.24510960246,65168.38016559883,23104.40654066099,7027.117174267796,1791.8323478065863,354.6526889630512,53.00704776124877,6.966445786117779,1.1518656996712926,0.400197670553955,0.2016552253945828,0.1070024776113986,0.0556255929773669,0.0277479729164576,0.0135351732644173,0.0060408072937609,0.0026340547047634,0.0009163246031066,0.0002359629521006,1.044404225473359e-06,1.61101304227184e-05
2016-07-02 21:00:00,179448760.3181004,170548106.791463,162051603.94090602,157679135.1992009,153271777.04240417,149058872.11291948,144820917.68333662,140789940.3468446,136746336.96392632,133145626.09015352,129539459.91598436,127509435.23113053,125475936.54847676,123660678.4062084,121817669.18173258,119406699.59025756,116259307.50259632,109925467.87372597,105724739.11681326,95493627.29915754,40294145.88211318,20267319.95610392,5686230.033873591,1932009.4713635105,1017446.608080494,735895.1710854654,587680.8363469077,435044.9972273017,275458.3456142292,147362.99774080032,64022.403330122055,22782.609772942906,6952.958933383825,1779.4585439782725,353.86618697830306,53.14332859858377,6.992198617933483,1.1426114741960922,0.3913188284451145,0.1962532255497088,0.1039399178654292,0.0539419066849138,0.0268514164097531,0.0130671473966303,0.0058090669567661,0.0025215866904934,0.0008682134514157,0.0002186888447815,7.498695045775043e-07,1.6031647972077073e-05
2016-07-02 22:00:00,178351971.99380612,169819470.49330392,161133181.93378103,156603249.08133194,152087652.60062107,147808603.41422337,143540095.56794485,139503026.10662475,135471264.84722775,131890171.56320933,128311324.19586971,126298497.59426533,124286273.8874799,122497804.8037208,120709269.4522264,118472845.28873454,116230874.60795608,113938342.6983942,111090738.63681091,94807838.55747572,53179437.58408524,20382172.941665582,5777984.098201332,1938101.9661728127,1003764.1322021754,720781.1850350297,574104.4936616949,424715.33421686216,269016.7389107272,144091.07938090464,62723.87387424978,22368.10877447665,6839.760506624067,1754.2581376535668,349.8956336961071,52.71688591166494,6.9432051664338905,1.1263811347310306,0.3820529141948789,0.1909097604284781,0.1009336743617436,0.0522938140458516,0.0259754378505004,0.0126107803070927,0.0055837706231644,0.0024126420402988,0.0008219974628179,0.000202431951979,5.49658611122289e-07,1.595354733978269e-05
2016-07-02 23:00:00,177809388.44717887,169457259.92860425,160660006.15913022,156041158.854012,151467098.59420642,147155287.774248,142874696.9609444,138838757.61732128,134816758.42923933,131248581.25998557,127685453.91875172,125681935.88153626,123679444.51157314,121899747.97975524,120120107.65010013,117895287.07025968,115667899.51030011,113412456.46886478,110768768.13081212,94569557.08531655,77940516.90789655,20625511.1236124,5804620.236712311,1927228.7261230096,986939.0263483712,705326.2674654637,560846.5269766456,414672.5970253889,262652.39692529826,140771.37929940553,61349.10459627481,21904.421288554036,6705.4848963665545,1722.0883151066196,344.1864193537381,51.982268360270446,6.853459487466226,1.1064997818169418,0.3726791268085851,0.1856592409970146,0.097993067851139,0.0506846753688413,0.0251214549871516,0.0121665916788834,0.0053651077035468,0.0023072525202788,0.0007776684683224,0.0001871556650972,4.157036931015395e-07,1.5875826670822734e-05
2016-07-03 00:00:00,177308697.67228332,169109982.62135154,160211603.1554807,155512890.4370848,150888271.9781786,146550281.13026655,142262460.6869186,138230675.56539086,134219854.3438479,130664937.16300236,127116921.39497538,125122216.12531756,123128671.39213245,121356934.97310773,119585264.69275749,117370552.47044346,115154375.78203696,112918844.9019606,110350140.91924264,94566424.8908609,92562722.45873263,20857123.599502496,5802630.98339889,1908734.9317319975,968865.8258120316,689888.8238395158,547873.4253986262,404869.2390189307,256400.0384239744,137475.45638917736,59961.84755498973,21427.33529749828,6564.687795794005,1687.616720018177,337.87330398653324,51.13702680143773,6.749057482635668,1.0854859356819329,0.3634025884464827,0.1805248107705367,0.0951237517506044,0.0491163556156928,0.0242901943699704,0.0117348093487814,0.0051531414833305,0.0022054083304922,0.0007352022625839,0.0001728227046575,3.271538821084815e-07,1.5798484119184296e-05
2016-07-03 01:00:00,176690634.79761475,168629561.46638727,159639082.49750912,154867921.73278496,150201879.78592017,145847526.0367205,141561779.32614794,137541712.22642335,133548304.63047571,130011057.84787609,126481279.8881816,124496918.49061826,122513501.63121068,120750674.32502116,118987882.58651504,116784350.8759501,114580177.03816538,112364156.19070378,109853871.49396724,95044655.75250408,102305865.82799956,21011478.72402747,5776338.961207409,1884038.4831317808,949854.5242073652,674530.4452858692,535174.3503804274,395292.2773030565,250265.31536986047,134218.5112308705,58576.51939905103,20945.22626258181,6420.864089818579,1651.988515259051,331.2398778093503,50.23129178336291,6.636700629819015,1.0639890229374895,0.3542737728105219,0.1755106430925842,0.0923261529157908,0.047588772389819,0.0234815387045753,0.0113153321104143,0.0049477986918848,0.0021070587180412,0.0006945592342525,0.0001593942113617,2.683846800470108e-07,1.572151784781076e-05
2016-07-03 02:00:00,175684200.20072186,167793675.20502293,158696466.37201414,153840728.45040977,149132169.7886395,144768173.12079284,140495725.46278274,136499235.72758967,132535297.85077426,129025905.80954584,125523801.05083486,123554909.6245646,121586645.02066222,119837191.06187288,118087744.55118036,115900934.56582786,113714124.45231237,111527313.49988943,109340469.37242617,107151129.46489371,104739644.40057242,21094248.823669933,9010442.370180648,1865036.287786913,930407.0366325988,659339.7729640027,522740.2977629669,385928.6856143669,244254.20649797356,131015.30365350869,57206.525090428775,20465.599746788776,6277.0357567355295,1616.1602204564742,324.5156775319046,49.304493480381176,6.521514504022967,1.042490317978806,0.3453278014791711,0.1706187945823263,0.0896000508014304,0.0461015814909878,0.0226952488877981,0.0109080068126941,0.0047489828121583,0.0020121446661914,0.0006556962558395,0.0001468310993739,2.2891462112691945e-07,1.5644926028558035e-05
2016-07-03 03:00:00,175551104.81791386,167663326.34847996,158528520.25406948,153650379.40403265,148937487.01320893,144581574.70345065,140322402.00972393,136338268.5473452,132385020.44440912,128883072.57900208,125386291.13683753,123419997.60687985,121453977.29814865,119706449.7633341,117958912.50507128,115774488.29175477,113590063.98264456,111405639.52140906,109221204.77806276,107035620.7561352,104679048.67140314,21125844.97808759,11914324.87788421,1847458.727411537,910912.3357040068,644382.5642307939,510564.5808150448,376768.8489483261,238369.85727239412,127874.69084755237,55859.90185493499,19992.887492561076,6134.9514219079565,1580.673756563182,317.8282086732761,48.37812896191181,6.406237423852713,1.0212389375803073,0.3365805397493205,0.1658489831047865,0.0869445850722105,0.0446541997010735,0.0219309810574394,0.0105126384389829,0.0045565791978643,0.0019206009406147,0.0006185675839542,0.0001350942257244,2.0180083116944115e-07,1.5568706842150492e-05
2016-07-03 04:00:00,175200151.26109993,167144736.50143012,158044935.50202978,153222783.02016154,148592777.49351788,144321289.48128173,140126536.75470722,136183501.96753323,132251912.65270552,128759609.38721626,125267769.36975785,123303636.3449947,121339508.30821896,119593635.9605442,117847744.25985046,115665378.6340144,113483012.99821249,111300647.3585613,109118280.85465896,106935613.46791556,104620553.56467324,21114535.104364283,14398711.818575531,1829330.3213900975,891539.0955730869,629687.2025447369,498642.2206165946,367806.67069111,232612.4373485529,124799.93178718085,54539.91537754833,19528.934023479127,5995.341037854843,1545.7548214419878,311.23045845268746,47.46109361684493,6.291989019292436,1.0003320055615552,0.3280357297939885,0.1611995347521265,0.0843585349151616,0.043245914149027,0.0211883357892928,0.0101290100230743,0.0043704635679156,0.0018323587276452,0.0005831259233184,0.0001241446496292,1.8254257244569813e-07,1.5492858478138763e-05
2016-07-03 05:00:00,175411183.11118627,167036827.19338962,157825445.95325536,152983989.19455826,148402105.53702095,144176919.96779442,140003406.4601726,136064620.16325808,132132275.12537248,128639244.02102226,125148059.18803485,123184159.5423288,121220910.80345748,119476108.56667896,117731534.07272702,115551072.98649086,113370710.13229384,111190408.44012876,109010144.65563388,106829767.59486867,104526993.08767188,21092271.696296435,15350349.176261855,1811372.9540961708,872493.4270348289,615284.5236137151,486969.803977707,359037.4400841245,226981.9712508765,121793.13277808328,53248.61909283126,19074.87048754209,5858.655148044261,1511.5560758788895,304.7714506318088,46.571442603950885,6.187563716558463,0.9845841639455212,0.3224223345490535,0.1581888150889719,0.0826712971941826,0.0423179969819352,0.0206937045234911,0.0098708190515849,0.0042439712425518,0.0017719161956061,0.0005589830213463,0.0001171144914424,3.169613227876688e-07,1.5498805055057272e-05
2016-07-03 06:00:00,176742694.02005783,167748502.53834265,158120215.29269913,153123962.80326873,148489930.32367778,144216771.59905413,140001115.57966688,136033580.2512152,132083774.120129,128580591.95576756,125083917.81566696,123116591.46416935,121151645.13602728,119406101.68228105,117661459.94879298,115481616.89651395,113302140.5695301,111122893.14716215,108943788.48487452,106764673.49901652,104465725.9371222,21067242.53579429,15564941.904955732,1793647.6012587582,853828.9799210099,601182.2124763421,475545.6728906259,350458.8276985069,221477.42657688947,118854.22902157246,51986.33615354297,18630.981057729543,5725.059090173416,1478.1660566976786,298.4992249913476,45.73612251744247,6.1087338730717695,0.9830548932804758,0.3249281778912561,0.1597135389033941,0.0834693698690151,0.0427165573810952,0.020882079892809,0.0099569410149749,0.004279878385002,0.0017865094913049,0.000564627830423,0.0001199832625693,8.296524422317638e-07,1.5749037819212942e-05
2016-07-03 07:00:00,178078775.69579926,168258265.8265117,158473979.04896396,153477041.94436315,148779722.7729862,144438333.06881428,140174263.6455997,136175139.8794503,132204546.99924809,128687766.66251872,125181722.4179136,123208807.52103405,121239850.75945511,119491443.57580107,117744555.767374,115562549.18515342,113381155.7974056,111200145.43859112,109019374.1992528,106838661.87990068,104538629.7316506,21041756.88857803,15614880.044645658,1776228.5023873672,835552.5665674567,587377.4562384778,464365.7386239666,342067.3817712291,216096.49619319497,115982.00586807754,50752.58467058516,18197.108042140924,5594.504214525381,1445.5692279944726,292.40757388128753,44.95168821078199,6.053403420425478,0.9945177415318872,0.3348460862916331,0.1653752521316606,0.0865321875709555,0.044322321488757,0.021690847576224,0.0103551038457068,0.0044623305148535,0.0018684694944671,0.0005966801857311,0.0001313778830467,1.521977074915019e-06,1.6229313969773865e-05
2016-07-03 08:00:00,181322871.4845634,170580464.5015631,160480775.89888972,155289438.26512575,150397641.01617858,144596591.40740734,140867590.97335812,136052655.48946896,132021143.23930444,128471171.36672364,124947479.13758378,122963660.61678895,120989412.61094752,119238909.51371644,117492101.61060138,115312480.42788856,113134399.124041,110957256.15188156,108780698.61837268,106604152.87398677,104190263.91253528,21015559.059581183,15486129.886618003,1758943.7974993614,817662.5401739153,573866.8893685355,453426.5445255533,333860.1232600738,210837.020166195,113175.25139020573,49546.857750429794,17773.087638093257,5466.950256560326,1413.7610361277198,286.49899765270897,44.220400033313794,6.022944860608137,1.0197320309270377,0.3525903399707732,0.1753920584001465,0.0919715469444482,0.047190472330615,0.0231457079881499,0.0110767913136985,0.0047957535564102,0.0020193328069342,0.0006553593122742,0.0001511230112667,2.3272381255440167e-06,1.695319572483838e-05
2016-07-03 09:00:00,185895273.01896423,175007979.80570686,163600222.63969904,156929882.65615672,151784929.6771959,144899961.54514372,140906507.61056888,135974728.50408834,131865956.09824462,128272229.49970628,124724368.39075844,122725839.85733972,120743859.48685396,118989774.64470184,117242096.20068093,115064218.23164237,112889062.6506696,110715541.52144176,108543037.5918234,106370381.47385316,103843514.77031144,20988811.84785305,15358144.88925963,1741809.3127579945,800151.1796360367,560644.6806326648,442723.3837041298,325833.3536124912,205696.3810421817,110432.45275924332,48368.45412345689,17358.637372700883,5342.286226918776,1382.6946577874555,280.7504949291901,43.529173369323175,6.009471920877297,1.0540722902241275,0.3754686141242726,0.1882357009197378,0.0989363905314009,0.0508592016203087,0.0250046855864001,0.0119978310800951,0.0052203451204321,0.0022108629023665,0.0007290841156666,0.0001751515440558,3.0285708102650136e-06,1.7832443150367935e-05
2016-07-03 10:00:00,190172293.20993003,178543344.52634943,166665396.287639,161835287.47004908,153355907.51180536,146908376.765772,140968502.50294578,136060283.3359609,131749564.10993262,128091995.00028546,124512080.62706412,122494819.95509788,120502762.04748254,118743720.83674444,116994320.28795664,114817617.44519424,112645048.03473824,110474935.92969608,108306346.95606776,106137299.3290631,103498167.3414191,20961734.23110011,15230898.747354014,1724837.8021736357,783011.3032408501,547705.3959123314,432251.832114601,317983.5638877384,200672.08206942075,107752.1692928312,47216.71241608268,16953.496758387508,5220.413807778234,1352.3308000989152,275.1436006178183,42.86763385404551,6.0067074269028575,1.0938334557445375,0.4013108545385546,0.2026674671354988,0.1067333635587712,0.0549505499803057,0.0270689879369741,0.0130158816656435,0.0056867491618433,0.0024197457033916,0.000808348683986,0.0002001914098576,3.530335373629681e-06,1.8790557335318977e-05
2016-07-03 11:00:00,192931043.79311684,181061933.7295729,169734668.708584,162101455.0478064,158533582.63844347,147587124.10001472,143999304.4728356,137325208.13825285,132114146.6968187,128062781.99336465,124345633.73594493,122279375.49236584,120268352.18974043,118500987.97429933,116748522.92375122,114572400.0128128,112402104.03476296,110235251.09358963,108070406.27324148,105898860.12888353,103102816.37001877,21003272.737396184,15099904.125148648,1716036.8053491842,766601.7018669319,535088.721857084,422005.4227688054,310303.7638370664,195763.8099557976,105136.69009231195,46093.855293279055,16558.80966539774,5101.710316020311,1322.7423706314046,269.6677336644044,42.21543594160037,5.999909351196339,1.1301254212442784,0.4249559711179723,0.215781969241861,0.1137594894408132,0.0586033935800122,0.0288925652653988,0.0139048245016208,0.0060878535018402,0.0025963146091021,0.0008734478998943,0.0002197393806771,3.631085085688591e-06,1.966040297964536e-05
2016-07-03 12:00:00,193543611.68976337,181684185.31012025,171096746.85525388,164216670.0389434,156810091.05075407,148868259.229238,145902213.78463426,139280298.01217464,134038080.06747234,129042040.98823512,124703584.44551404,122292776.37198964,120121913.89187597,118289992.24246684,116514380.65902483,114332138.12864664,112161382.25490849,109995405.5168476,107822190.97711705,105545683.45292346,101927971.66476808,22202480.035205767,14891926.602003751,1882943.7530373544,761337.0798427981,524162.2052489545,411966.7461746854,302696.3849191343,191076.8478542736,102769.51325793983,45159.63312594219,16264.614522166305,5022.925364922301,1305.7291972648034,267.2038604344538,42.07892055682103,6.053694665820514,1.1666674612343877,0.4451281031984317,0.2266245601162991,0.1194829610551098,0.0615375530594299,0.0303347832123547,0.0145955950697471,0.0063923241366117,0.0027266514868439,0.0009192788778439,0.0002323469455155,3.4426762762832398e-06,2.039527727247653e-05
2016-07-03 13:00:00,192746072.6754279,181668907.41437417,171689940.98693573,165502265.20697337,158996246.59975722,152444216.800322,145298767.15998715,143323851.10658744,133799047.2955196,131057979.252411,125577963.59226626,122590087.13399296,120113461.26150562,118132157.1893443,116297031.40579678,114096295.95032896,111921243.75593048,109752064.46084706,107556165.56783608,105168007.19897112,100888530.46795912,23155027.152764704,14715009.179877382,2009240.5707968816,756158.6477291007,513275.7931033909,402161.9547466122,295282.09793764306,186468.54617369437,100407.4040580755,44202.85971067075,15951.793193418258,4935.3147216663,1285.565848485484,263.877564291344,41.75754277216512,6.066367631804807,1.1896955677884191,0.458596412207317,0.2337785291378936,0.1231758761009803,0.0633800930677904,0.0312101199169694,0.0149982190422009,0.006559494864139,0.0027929441220277,0.0009393035971015,0.0002361760941146,2.9890879804034917e-06,2.0935151443996838e-05
2016-07-03 14:00:00,193039408.7552804,181912634.28987777,172303368.10570222,166488258.8872566,160359894.16709352,154234631.4183304,147624050.10750416,143515061.98575708,136533029.09620136,131694996.91866772,126168163.51088344,122862551.91640696,120141435.67174008,118005852.87815456,116093045.57064006,113864164.3728041,111681375.79605377,109507082.35406296,107289776.72769123,104826279.3985438,100098969.44353849,23726344.331190825,14567373.433453688,2075708.6154221185,747832.9423798482,502173.6654067094,392576.6861908932,288065.08900632284,181926.920106685,98033.90005182957,43210.90630831869,15613.883205317496,4836.482287310202,1261.569904527731,259.54780110314704,41.234756096193145,6.039942547219406,1.2019506579329378,0.4671217948365324,0.2382679923534803,0.1254171518476936,0.0644493052473023,0.0316874315693476,0.0152003660472008,0.0066321344728281,0.0028156458305076,0.0009420827369502,0.0002343521598218,2.5069665097397264e-06,2.134343293796136e-05
2016-07-03 15:00:00,192387209.1337488,181091086.00068372,171824267.03478515,166352754.0118014,160501308.6961987,154510145.01503056,147711784.9535246,143713552.11638144,137239493.13173637,131726326.37425038,126305851.10297891,122941078.0580976,120097677.5641711,117864772.34069902,115887918.0756913,113632050.22892968,111441509.3200546,109263348.814869,107032305.98512124,104525506.85258344,99504307.92208888,24022410.25305282,14436151.71646966,2099948.140638801,736568.7527025327,490947.5141325232,383199.0218289911,281029.3915358791,177463.12325061968,95672.02049992206,42204.99927034835,15263.274428524566,4731.623704980155,1235.447927003621,254.63585581359428,40.58232928674084,5.981352363061473,1.2023469830247162,0.4696067292589747,0.2394750931533185,0.1258850580195314,0.0645837669180455,0.0316893333179714,0.0151659198362691,0.006594808465047,0.0027883828003588,0.000925541745909,0.0002264290495114,1.980985291869439e-06,2.1597704194010165e-05
2016-07-03 16:00:00,190992844.0631346,179760732.37741774,170641285.5382513,165338910.70693165,159617038.4970534,153594682.93891427,151002050.62170765,142679881.29094428,137827808.76610515,131678772.21981636,126275222.58412506,122889409.35352364,119986735.0212888,117697149.02265732,115675652.19255666,113398395.01051237,111201730.43839297,109021504.05961798,106782636.25646,104250551.23492052,99018764.68185952,24172285.79657384,14312608.235494323,2102402.686680456,723749.4267992842,479767.9505324096,374024.7648463381,274160.64855563204,173088.9165000637,93344.09925404876,41204.94876996178,14911.205858034771,4625.340475227345,1208.6839939356505,249.5095243184338,39.8691329018295,5.902310664836382,1.193512400637252,0.4671392362813135,0.2379785812549243,0.1248961216339008,0.0639533301190776,0.0313042039980894,0.0149399568045823,0.0064692427227546,0.002721435146523,0.0008939920754386,0.000213999543674,1.4852186183017224e-06,2.1724356653631952e-05
2016-07-03 17:00:00,188867159.55852324,178091405.57496798,169312297.71745682,164432277.7279799,159206648.57944477,153776274.61043575,147389543.18207744,143423005.4156143,137110307.4978472,131618616.21999036,126173024.87988882,122765452.90638795,119828138.76829514,117503816.6111918,115454300.35018092,113162375.34474169,110961987.43834548,108781520.03652383,106539130.02863891,103992406.45991483,98600566.60375308,24236705.445744928,14193232.838912005,2092659.1722697604,710132.0279279214,468719.8048088803,365051.13802380016,267451.1110003024,168808.67051414782,91059.56193711152,40219.26614536616,14562.514606978142,4519.609947345703,1181.9179594524448,244.3315920503105,39.12926460242525,5.811013631169932,1.1785064734328552,0.4613185579188448,0.2346689406850324,0.1229426299947331,0.0628234355282147,0.0306702565457173,0.0145929183631499,0.0062891337242952,0.0026305968111152,0.0008538681162331,0.0001993023812199,1.0887022267953875e-06,2.1770455537403704e-05
