datetime,0.0,0.5,1.0,1.5,2.0,2.5,3.0,3.5,4.0,4.5,5.0,5.5,6.0,6.5,7.0,7.5,8.0,8.5,9.0,9.5,10.0,10.5,11.0,11.5,12.0,12.5,13.0,13.5,14.0,14.5,15.0,15.5,16.0,16.5,17.0,17.5,18.0,18.5,19.0,19.5,20.0,20.5,21.0,21.5,22.0,22.5,23.0,23.5,24.0,24.5
2016-06-30 18:00:00,0.9930492605632532,0.9930466939852636,0.9930438529260168,0.9930422537101063,0.993040560422672,0.9930388568884152,0.9930370525219128,0.9930352417634234,0.9930333234351232,0.9930315199897604,0.9930296160038898,0.9930284976228084,0.9930273430351456,0.993290091289432,0.993294381264028,0.9943586773049508,0.9958780769299994,0.9970779972349804,0.9977063414790608,0.9981533239120516,0.998679491034997,0.9998727333394306,1.000705351069719,1.0014299810209837,1.0014437355255097,1.0006318385397803,1.0006816008422357,1.0015297777664274,1.00194857376974,1.0011330988046865,1.0013169663761023,1.0020588268529778,1.002134148404041,1.0022151911606452,1.0023026323813815,1.0030276821606785,1.0031934309678845,1.005600000194136,1.0061946903865584,1.007914572940099,1.0091569767915085,1.0108620689950354,1.013347457645549,1.0148936170327676,1.020000000007215,1.0217320261483065,1.0346354166695406,1.051470588237133,1.4375000000017832,1.1073611111118786
2016-06-30 19:00:00,0.9835314524058876,0.983528910427077,0.9835260965977553,0.983524512709413,0.9835228356511686,0.9835211484443116,0.983519361371628,0.9835175679682214,0.9835156680259988,0.9835138818656264,0.9835119961283694,0.9835108884663304,0.9835097449447284,0.9835815326897236,0.9866734936232484,0.9885514364966996,0.9916685320246686,0.9940772185328962,0.9953796113596444,0.9962906721996664,0.9973399053611,0.9996785134212708,1.001358839727308,1.002823034918261,1.0028954739921665,1.0013283854689337,1.001375833936197,1.0030204989823566,1.003882136819746,1.0023185425217491,1.0026240239386168,1.0040770338109135,1.0042682954008395,1.0044303815447293,1.0046052642796828,1.00602004106871,1.0063868617494711,1.0110775002727566,1.0123893807012772,1.0157778476780008,1.0183139535552077,1.0217241379728264,1.0266949152804132,1.0298958333496908,1.0400000000103269,1.0437976579585495,1.06927083333751,1.1037418300680788,1.8750000000032336,1.264443865742002
2016-06-30 20:00:00,0.9728948421833116,0.972892327695272,0.9728895442967064,0.9728879775376618,0.9728863186163208,0.9728846496561212,0.9728828819101156,0.9728811079018518,0.9728792285069584,0.972877461663398,0.9728755963198478,0.9728745006368552,0.9728733694821112,0.9729443808632594,0.979920854032807,0.97723486203212,0.987374866680606,0.9910087541090264,0.9930209695309348,0.994411181333164,0.9959810823193512,0.9994255669555248,1.0019688367413342,1.0041820903145968,1.004355404050685,1.0020843469056084,1.0020839772061303,1.004475604226393,1.0057997114185293,1.0035528561724083,1.003925332369034,1.0060564199653628,1.0063999853914074,1.0066455714415865,1.0069078958804476,1.0089791373442616,1.0095781191086763,1.016439646112787,1.0185761662882709,1.0235928166229322,1.0274674681728675,1.0325862069397298,1.0400423729085004,1.0450003139945496,1.060008506955253,1.0661774351012123,1.1039372649060757,1.156767020700134,2.3128969907450627,1.470833916861187
2016-06-30 21:00:00,0.9626836998947677,0.9626812117978591,0.962678457612809,0.9626769072978846,0.9626752657879648,0.9626736143445506,0.9626718651521494,0.962670109763216,0.9626682500937525,0.9626665017943244,0.9626646560287262,0.9626635718456148,0.96266245256305,0.962732718635162,0.9729941714224408,0.9648006877644596,0.9826526952132584,0.9878774028538788,0.9906305743764812,0.9925144291119526,0.9946032981569614,0.9991185980451284,1.0025381630780772,1.0055081164903157,1.005822090308606,1.002895994248345,1.002808103220609,1.0058981568960417,1.007700227082573,1.0048323697289208,1.0052243023648153,1.0079989141133885,1.0085270151353696,1.0088606126084425,1.009210527481711,1.0119069114827968,1.0127652834068923,1.0216930278327163,1.024748064722702,1.0313617739706635,1.0366144624485158,1.0434480363433214,1.0533898305366332,1.060201093552218,1.0800330353122387,1.088853713545033,1.1386621078727053,1.2105055853450035,2.751541647382003,1.726166299955481
2016-06-30 22:00:00,0.9533659089035476,0.9533634448888656,0.9533607173615022,0.9533591820520364,0.9533575564302492,0.9533559209711138,0.9533541887091012,0.9533524503105328,0.9533506086407624,0.95334887726308,0.9533470493625998,0.9533459756732692,0.953344867224212,0.9534144531928032,0.9534144531928032,0.953414453192803,0.9774723921539686,0.983415278225603,0.9882053570263722,0.9905993936974444,0.9932066322291327,0.9987600099007088,1.0030666088016784,1.006800847998233,1.0072933116659444,1.003760279259348,1.0035504656604926,1.0072910463933888,1.0095826973930544,1.0061534193061636,1.00652380574386,1.009906529619149,1.0106474257138356,1.011075231550174,1.0115131500651409,1.0148051906090594,1.0159466662563117,1.0268437283232077,1.0308989260881098,1.0390864174883545,1.04575221139848,1.054309188980442,1.0667372709927236,1.0754925545861211,1.100080193913752,1.1118104801408926,1.1734695202611884,1.2649223243191785,3.191244070684861,2.030119663048789
2016-06-30 23:00:00,0.9437336513750846,0.9437312122553811,0.943728512285376,0.9437269924877888,0.9437253832903436,0.943723764354941,0.9437220495947016,0.9437203287599064,0.9437185056973018,0.9437167918124578,0.9437149823800264,0.9437139195386316,0.9437128222887022,0.9437817052009292,0.9437817052009292,0.9437817052009292,0.971902106853052,0.9760253843924896,0.9856458011121484,0.9886636476196866,0.9917912139619868,0.998346513813565,1.0035455111459768,1.0080562437908205,1.0087644135542273,1.0046758006740546,1.004314576356978,1.0086568044419046,1.0114458892788722,1.0075120873472807,1.0078259953695976,1.0117813113780365,1.012759493883618,1.0132890521130808,1.0138157385547233,1.0176756947120813,1.019120790175451,1.0318973676953498,1.0370233517300558,1.0467679384876476,1.0548782635792946,1.0651690645951055,1.0800846467673182,1.0908694060860218,1.1201557660445007,1.1350331849785855,1.2083807621548022,1.3199867438997706,3.632278819036407,2.382411209034553
2016-07-01 00:00:00,0.9344702075702788,0.9344677923923392,0.9344651189245368,0.9344636140448872,0.934462020642905,0.9344604175985508,0.9344587196699512,0.9344570157264226,0.934455210558526,0.934453513496729,0.9344517218252154,0.9344506694163948,0.9344495829367852,0.9345177897122804,0.9345177897122804,0.9345177897122804,0.9659699556387772,0.966671572957512,0.9827099146901852,0.9866885220905351,0.9903558174644604,0.9978538439485988,1.0039294635010252,1.0092501115700467,1.0102180070224622,1.0056504161767972,1.0051140372962928,1.0099962062368288,1.0132851614107523,1.008901165135646,1.0091296848017497,1.0136250297475222,1.014861711011488,1.015501615528827,1.0161182465252647,1.0205200419094267,1.0222863696945823,1.0368591437600876,1.043116620570265,1.0544071011374514,1.0639903909503543,1.0760269283176418,1.0934318700955243,1.1063266622049743,1.140264783168449,1.158508589933438,1.2434145007783337,1.3756724636049114,4.074889315109483,2.782792262328329
2016-07-01 01:00:00,0.9255227022601946,0.9255203102074628,0.9255176623379804,0.9255161718674776,0.9255145937222392,0.9255130060269544,0.925511324355936,0.925509636727581,0.9255078488440762,0.9255061680315608,0.925504393515212,0.9255033511831532,0.9255022751065312,0.9255698288055764,0.925569828805576,0.9255698288055764,0.9596760309090284,0.9571702970345902,0.9792006487666676,0.9846131920249632,0.9888866245013956,0.9972302385605328,1.0041154912426915,1.0103036457588868,1.011614866702869,1.0067101507051035,1.005989173279521,1.011312142337905,1.015085554118988,1.0103010782396578,1.0104223476631198,1.0154367841058,1.016952443921183,1.0177123688771446,1.0184206003196248,1.0233397529536097,1.025442293880581,1.0417338689379574,1.0491746223311007,1.0620043122685765,1.0730865470140705,1.086881933975603,1.1067788056560244,1.121859621510348,1.1604115926894842,1.182224631950684,1.2785870837032218,1.4319566915486583,4.519291701598759,3.2310443822931108
2016-07-01 02:00:00,0.9170148759943844,0.9170125059304908,0.9170098824014308,0.9170084056320118,0.9170068419938034,0.9170052688933368,0.9170036026810044,0.917001930566098,0.9170001591176328,0.9169984937559116,0.9169967355517252,0.9169957028012576,0.9169946366164222,0.917061569331094,0.917061569331094,0.917061569331094,0.9531477004093194,0.9447380614617866,0.9751677344046932,0.9823766673436009,0.9873562058201544,0.9964962396724808,1.004143904532525,1.0112190510048695,1.0129637055829313,1.0078318128125012,1.0069288843427204,1.0126187472925596,1.0168524597825672,1.0117110474168414,1.0117077557287726,1.0172162985716404,1.0190299114221608,1.0199206394445512,1.0207226904136435,1.0261362547993904,1.028587610133739,1.0465260038971256,1.0551937970370473,1.0695596826827751,1.0821648321090362,1.0977331431483877,1.1201252653669391,1.137463846910583,1.1805999201340465,1.2061702997302093,1.3139127834054485,1.4888197603992028,4.965678211898261,3.7269759551395136
2016-07-01 03:00:00,0.90911619165291,0.9091138420035014,0.9091112410721424,0.9091097770228392,0.909108226852989,0.9091066673023832,0.9091050154419282,0.9091033577297412,0.9091016015396024,0.9090999505224324,0.909098207462493,0.9090971836075952,0.9090961266063156,0.9091624827977498,0.90916248279775,0.9091624827977498,0.9464634671175394,0.9276760896690692,0.9705016610227208,0.979955049907372,0.9857465791931392,0.9956683391886684,1.0040535878743853,1.012019248150644,1.0142696105175604,1.0089959951604417,1.0079191348751522,1.0139223722705764,1.0185930209117753,1.0131335839603228,1.0129912423743248,1.0189653258048377,1.0210927170331656,1.0221256979198896,1.0230243705306887,1.028910883993,1.031721509174658,1.0512396881939683,1.0611710802157417,1.0770730808774385,1.0912234648654726,1.1085795407087604,1.133471004851102,1.1531351463717998,1.2008329261340285,1.230335522583353,1.349404016093089,1.5462447172595917,5.4142201140686845,4.270419204195458
2016-07-01 04:00:00,0.9020211683333844,0.9020188370213648,0.9020162563884768,0.9020148037650664,0.90201326569322,0.9020117183138282,0.9020100793450022,0.9020084345701126,0.9020066920858236,0.9020050539537008,0.9020033244971394,0.9020023086327212,0.902001259880606,0.902067098207844,0.902067098207844,0.902067098207844,0.9396533381227647,0.9083214573181688,0.9649704056789182,0.9773278417903112,0.9840495642003048,0.9947568929820414,1.0038698233304544,1.0127243172361908,1.0155354852098823,1.0101901004302003,1.0089499202600156,1.015225375519021,1.020312331042757,1.0145707154568389,1.0142772686138175,1.0206864565709064,1.0231399532152785,1.0243268263609109,1.0253254636852147,1.031664890398433,1.0348433111694648,1.055878768170301,1.0671038532730397,1.084544180006058,1.1002607589516855,1.1194200474826437,1.1468157212215584,1.1688695545004335,1.221113258575141,1.2547110703354218,1.3850715374360785,1.6042169615001982,5.865070279722442,4.861227565690932
2016-07-01 05:00:00,0.897895959693266,0.8978936390430237,0.8978910702121301,0.8978896242319946,0.897888093194204,0.8978865528914344,0.8978849214180958,0.8978832841652464,0.8978815496498516,0.89787991900939,0.8978781974621431,0.8978771862435722,0.8978761422877094,0.8979416795168739,0.8979416795168736,0.8979416795168739,0.8979416795168736,0.9058203388431298,0.918526552658824,0.974456957424667,0.9822565881655548,0.9937649159343996,1.003603499882699,1.0133439128209425,1.0167611271002854,1.0114064756438568,1.0100161926939384,1.0165295785640762,1.0220132745141184,1.01602237606646,1.015568233648559,1.0223819486330072,1.0251708976837288,1.0265232985833812,1.027625761091277,1.0343994407900374,1.0379524533137263,1.0604468226466808,1.0729898987638764,1.0919724989405102,1.1092751044286449,1.1302535306139383,1.1601590519372953,1.1846633150594963,1.2414431002743702,1.2792884632513175,1.4209246175781995,1.6627239252132664,6.318365423485876,5.499273383618571
2016-07-01 06:00:00,0.8977234214804635,0.8977211012761536,0.8977185329388823,0.897717087236604,0.8977155564930152,0.8977140164862275,0.8977123853263902,0.8977107483881527,0.8977090142060595,0.897707383878939,0.8977056626625018,0.897704651638245,0.8977036078829871,0.897769132518625,0.8977691325186251,0.8977691325186251,0.897769132518625,0.897769132518625,0.9138344382644128,0.9653825707042708,0.9803507498609886,0.9926927350459892,1.003260686651123,1.0138840993108509,1.0179457002456016,1.0126393038175092,1.0111144647171266,1.0178365280777724,1.0236980009726806,1.017487920705976,1.0168657767014315,1.0240539190113802,1.027184998538282,1.028714391746736,1.02992502374335,1.0371156218719355,1.0410484779674964,1.0649471860600717,1.078827359763252,1.099357437868946,1.1182649528965354,1.141078811992229,1.1735005744419151,1.2005128644040295,1.261824212495939,1.304059891026004,1.4569711975615405,1.7217547915217526,6.774228053381976,6.184445882895882
2016-07-01 07:00:00,0.9019772044095112,0.9019748732111184,0.9019722927040084,0.901970840151398,0.9019693021545162,0.9019677548505428,0.9019661159615991,0.9019644712668748,0.9019627288675132,0.901961090815232,0.9019593614429632,0.9019583456280574,0.9019572969270576,0.9020231320453788,0.9020231320453788,0.9020231320453788,0.9020231320453788,0.9020231320453788,0.9090478745928824,0.9451003794067756,0.9779300141670242,0.9915339353201308,1.0028441074200407,1.0143488498869848,1.0190880284982984,1.0138834997692747,1.0122416953275215,1.0191474091363495,1.0253682728773967,1.0189665418003568,1.0181711564831202,1.0257044085996765,1.029181860215992,1.0308993924377083,1.032222980657976,1.0398144403523522,1.044131019775687,1.0693829682682685,1.084614702312099,1.106698308617455,1.127228805583211,1.1518946749507082,1.186839806292106,1.216414815769343,1.2822579745750045,1.3290181399483714,1.493218029071099,1.781300246480583,7.23276816775422,6.9166493850593405
2016-07-01 08:00:00,0.9114216304638528,0.9114192748559398,0.9114166673288472,0.9114151995668436,0.9114136454658988,0.9114120819604096,0.9114104259109818,0.9114087639949822,0.9114070033512992,0.9114053481472948,0.9114036006671088,0.9114025742158046,0.9114015145340626,0.91146803899897,0.91146803899897,0.91146803899897,0.91146803899897,0.91146803899897,0.9048617448603508,0.9320770603439448,0.9742920172912376,0.9902497223419426,1.0023532635950911,1.014740630880991,1.0201868249429966,1.0151346463652928,1.0133952837041256,1.0204632490616594,1.0270256106402096,1.020457321350676,1.0194852945743849,1.027335351354199,1.0311612225328723,1.0330776058008857,1.0345193340641008,1.042496827888021,1.0471997968430646,1.0737570745026852,1.0903506826949696,1.1139943615906307,1.1361652047353874,1.1626998701089577,1.20017620598943,1.2323659446329231,1.302745420094454,1.354156527547548,1.529670799296078,1.8413522608210369,7.694084730212944,7.69580173516377
2016-07-01 09:00:00,0.9250705489174496,0.9250681580333272,0.9250655114574308,0.9250640217150796,0.925062444340826,0.925060857421191,0.9250591765717336,0.9250574897678496,0.9250557027577946,0.9250540227664208,0.9250522491169912,0.9250512072941516,0.9250501317432344,0.925117652439706,0.925117652439706,0.925117652439706,0.925117652439706,0.925117652439706,0.9015075601819852,0.9265515119519184,0.969889215720662,0.9887503490417852,1.0017820342902326,1.015060789534164,1.0212408392900023,1.016388673802559,1.0145726762519067,1.0217848025473828,1.0286713835325632,1.021959405231597,1.0208089606380977,1.0289486333524682,1.0331229680292455,1.0352483661512013,1.036813761391632,1.0451636426669193,1.0502546003898114,1.078072222075708,1.096034316941919,1.1212448083493434,1.1450727269310306,1.1734931200237997,1.213509174018898,1.2483631748865964,1.3232872697374571,1.3794688439048668,1.5663342424036304,1.9019038981185667,8.158266950307016,8.521832912426015
2016-07-01 10:00:00,0.9428432175794852,0.942840780761146,0.9428380833386228,0.9428365649749988,0.9428349572958672,0.9428333398879664,0.9428316267456416,0.9428299075344926,0.9428280861919882,0.9428263739242329,0.9428245661990414,0.9428235043604613,0.9428224081458118,0.942891226065471,0.9428912260654708,0.9428912260654708,0.9428912260654708,0.9428912260654708,0.8991531552355678,0.926741765551439,0.9652415535890316,0.9869843171807688,1.0011166234103444,1.0153092099704872,1.0222488212613097,1.0176419199300075,1.015771498617625,1.0231126836777868,1.0303068403360602,1.0234719633834486,1.022142745491215,1.030546058040092,1.0350671014727295,1.0374110434205632,1.0391059198670114,1.0478156734454231,1.0532952868282774,1.0823309565762955,1.101664853911017,1.1284488413170108,1.1539499786052887,1.1842731232986523,1.2268380542841442,1.2644035659708797,1.3438839611918294,1.404949299052756,1.603212239075487,1.962949146405317,8.625395394386548,9.394683800619427
2016-07-01 11:00:00,0.9631929744823192,0.9631904850691688,0.963187729427112,0.9631861782920472,0.9631845359137428,0.9631828835966896,0.9631811334789384,0.9631793771613776,0.9631775165081196,0.9631757672838142,0.9631739205417772,0.9631728357851164,0.963171715910434,0.9632420191543862,0.9632420191543862,0.963242019154386,0.963242019154386,0.9632420191543862,0.8979608776158032,0.9267190834479816,0.9607519029219936,0.9849551272546768,1.0003456995710571,1.0154870382330714,1.0232108418887187,1.0188911961354954,1.016989050580322,1.0244470412329525,1.0319332364720186,1.02499462010111,1.023487526444398,1.0321296022609363,1.036993844266106,1.0395650820864404,1.0413954570529165,1.0504536429519729,1.0563217693120797,1.086535665713563,1.107241750398423,1.13560565017509,1.1627955929250946,1.1950385579884173,1.240162135654013,1.2804843008012734,1.3645356762611642,1.430592475810006,1.6403079053308345,2.0244827705234982,9.095542948162263,10.3143050972308
2016-07-01 12:00:00,0.980346589038922,0.9803440552915262,0.9803412505739229,0.9803396718145148,0.9803380001869064,0.9803363184435486,0.980334537157749,0.9803327495617264,0.9803308557718804,0.980329075395438,0.9803271957645596,0.9803260916893426,0.9803249518706828,0.9803965071531996,0.9803965071531996,0.9803965071531996,0.9803965071531996,0.9803965071531996,0.8980059049437581,0.92961633492645,0.9564387628614136,0.9826983715498668,0.9994610753801222,1.015594350613939,1.0241268187454082,1.0201336821556848,1.0182228707201304,1.0257879320987873,1.033551652616277,1.0265269271511004,1.024843969581965,1.0337011299749517,1.0389035160594204,1.0417099732030792,1.0436820081830862,1.0530782100693814,1.0593340103000592,1.0906885921897724,1.112764648854481,1.142714435823267,1.171608228062455,1.2057880846603195,1.2534806537086751,1.2966026745415238,1.3852423654677626,1.456393287551268,1.677623671791078,2.08650018284989,9.568775649912627,11.280656343072746
2016-07-01 13:00:00,0.9958542786254004,0.9958517047977224,0.9958488557134731,0.9958472519803356,0.9958455539099544,0.9958438455638072,0.995842036100598,0.9958402202273472,0.9958382964804378,0.9958364879409703,0.9958345785770032,0.9958334570368856,0.9958322991879148,0.9959049863732928,0.995904986373293,0.995904986373293,0.9959049863732928,0.995904986373293,0.8990292973990702,0.933985416555916,0.9524892979523872,0.9802508143441396,0.998459021119601,1.0156307744671702,1.0249966685427083,1.0213670711187135,1.0194709358830192,1.02713551317723,1.0351630852563598,1.0280683549542966,1.0262125009114993,1.0352623519079869,1.0407965070421965,1.0438452548785655,1.0459652018958314,1.05568997547175,1.0623320166901755,1.0947918465710402,1.1182333579947927,1.1497744225287587,1.1803865668113072,1.216520349344988,1.2667927927212048,1.3127560842333814,1.4060037703873365,1.4823469404389007,1.715161354413174,2.1489973302767416,10.04515341099842,12.293705056385004
2016-07-01 14:00:00,1.008798737583538,1.008796130300356,1.0087932441827223,1.0087916196037057,1.0087898994612174,1.008788168909395,1.008786335926156,1.0087844964495556,1.0087825476971175,1.0087807156496276,1.008778781467086,1.008777645348801,1.008776472449708,1.0088501044483067,1.0088501044483067,1.0088501044483067,1.0088501044483067,1.0088501044483067,0.9008735327522188,0.9470736108251536,0.9489764394507998,0.9776477936363512,0.997332008404779,1.0155917639418697,1.025818332482516,1.0225888024795085,1.0207315569607305,1.0284900813412368,1.0367683231355962,1.029618011333235,1.0275930325052516,1.03681463537664,1.0426731761928327,1.045970478674842,1.04824465094885,1.0582894798125797,1.0653158312578646,1.098847416412016,1.123647833679409,1.1567848670074194,1.1891293163647991,1.227233985856639,1.2800976874609675,1.3289420190027594,1.4268194437578583,1.5084488995759104,1.7529222175402508,2.2119705955229008,10.52473063828114,13.353425957498562
2016-07-01 15:00:00,1.015896042553092,1.0158934169266236,1.0158905105039917,1.015888874495408,1.0158871422510252,1.0158853995240744,1.0158835536450612,1.0158817012270027,1.015879738764307,1.015877893827626,1.015875946037332,1.015874801925998,1.0158736207750882,1.01594777080442,1.0159477708044198,1.0159477708044198,1.0159477708044198,1.0159477708044198,0.9033255222702312,0.9727217174561994,0.9463865392010884,0.9749217709499192,0.9960713020933828,1.0154700260625673,1.026588375950121,1.0237960136656457,1.0220030663000437,1.0298519055377853,1.0383680555775414,1.0311749058207598,1.0289852236190988,1.038359135289755,1.0445338876716093,1.0480852240225782,1.0505199578952882,1.0608772070635295,1.0682855271284064,1.102857175865828,1.1290081624815012,1.163745066337704,1.1978352091204418,1.2379276182191403,1.293394425222073,1.3451580510738523,1.447688767715377,1.5346948587863023,1.790907030155522,2.275416711143275,11.007556771318344,14.459800271979148
2016-07-01 16:00:00,1.0190762352327136,1.0190736013869024,1.0190706858659142,1.0190690447359183,1.0190673070688638,1.019065558886426,1.0190637072290154,1.0190618490120895,1.0190598804060398,1.0190580296939111,1.0190560758061935,1.019054928113298,1.0190537432648763,1.019128125415774,1.019128125415774,1.019128125415774,1.019128125415774,1.019128125415774,0.9059762367148468,0.9875486735075986,0.9454059876834152,0.9721349126478104,0.9946694126888496,1.0152562993916217,1.0273022161482497,1.024985630151264,1.0232838586429918,1.031221277522946,1.0399629416639289,1.0327380153642782,1.0303885368414574,1.0398968118628689,1.0463790037913012,1.050189098872852,1.0527907184915093,1.0634535881441851,1.0712412032256555,1.1068228947083236,1.134314547041893,1.1706543644521912,1.2065030040506923,1.2485998630541622,1.3066820479366714,1.361401827473823,1.4686109702731174,1.5610807136249731,1.829116116049348,2.339332684733841,11.49367674558759,15.612815101729373
2016-07-01 17:00:00,1.01785959451228,1.0178569638109285,1.0178540517706824,1.0178524125999762,1.0178506770074636,1.017848930912122,1.0178470814653426,1.0178452254668793,1.0178432592110815,1.017841410708456,1.017839459153419,1.017838312830715,1.0178371293968442,1.0179114227454025,1.0179114227454025,1.0179114227454025,1.0179114227454025,1.0179114227454025,0.908596540236729,0.9964140702640664,0.9453254475972356,0.969426285530667,0.9931628586187612,1.0149650754981332,1.027965429491958,1.0261572027609085,1.0245714538331536,1.0325973805423223,1.0415540414442233,1.0343079947955591,1.0318041008570793,1.041429617817898,1.0482094104357986,1.0522819267419268,1.0550565734622257,1.0660190125092892,1.0741829802510827,1.1107462457922266,1.139567292294768,1.1775121569168143,1.2151314882034117,1.259249331781875,1.319959554246604,1.377671062320107,1.489585140154233,1.5876025372593054,1.8675493985365532,2.403715733999209,11.9831313915949,16.812462854920373
2016-07-01 18:00:00,1.0123119936676697,1.012309377304328,1.0123064811354625,1.0123048508986647,1.0123031247655851,1.0123013881869196,1.0122995488201083,1.012297702937322,1.0122957473981324,1.0122939089703291,1.0122919680517777,1.012290827976832,1.0122896509929848,1.0123635394233743,1.0123635394233743,1.0123635394233743,1.0123635394233743,1.0123635394233743,0.9109407785574464,0.9975457262070372,0.9457570763778056,0.966868571060458,0.9915833703180824,1.0146065249062384,1.0285814507464857,1.0273100406305766,1.0258639680548391,1.0339797285423755,1.0431421066124218,1.035884837780322,1.0332322865462864,1.0429590044553174,1.0500258604759845,1.0543635266638969,1.057317156145935,1.0685738215344789,1.077110995329021,1.1146288120210923,1.1447667933059478,1.1843178947427495,1.2237194785793222,1.269874632886325,1.33322590166799,1.3939635297444646,1.510610240177337,1.614256558959213,1.9062064403318952,2.4685632305238023,12.475957778511455,18.058740726851056
2016-07-01 19:00:00,1.0046757339800294,1.0046731373529254,1.004670263030978,1.0046686450916853,1.004666931979493,1.00466520850051,1.004663383008752,1.004661551050171,1.0046596102623673,1.004657785702534,1.0046558594250794,1.0046547279501583,1.0046535598447544,1.004726890906224,1.004726890906224,1.004726890906224,1.004726890906224,1.004726890906224,0.9127850319853956,0.9915170551128034,0.9462221594405524,0.9644931121903428,0.989952999441654,1.0141851429176263,1.029151045306516,1.0284429212638528,1.0271598417637222,1.0353680487784074,1.0447276921463282,1.0374681293206347,1.034672963332803,1.0444860614388878,1.0518290189918027,1.056433728836658,1.0595720988370707,1.0711183121867438,1.0800253984225576,1.1184720927868588,1.149913524291439,1.1910710871727743,1.2322658241576605,1.2804743741785412,1.3464800087917446,1.4102770573880967,1.5316851193067251,1.6410391449134818,1.9450864790995708,2.533872651201396,12.972189509884654,19.351650224890303
2016-07-01 20:00:00,0.9958982654917884,0.9958956915504243,0.9958928423403312,0.9958912385363566,0.9958895403909716,0.9958878319693668,0.9958860224262336,0.9958842064727756,0.9958822826408944,0.995880474021544,0.9958785645732404,0.995877442983584,0.9958762850834714,0.9959489754794412,0.9959489754794412,0.9959489754794412,0.9959489754794412,0.9959489754794412,0.9140537883195334,0.9835747913519334,0.9462998214052551,0.9622943104392452,0.988288653625696,1.0137032056160535,1.0296737942351013,1.0295543696994611,1.028457603981959,1.0367620898884784,1.0463112550524154,1.0390573503571523,1.036125817615294,1.0460117047962738,1.0536195335585117,1.0584923984060983,1.0618210410083724,1.073652740761164,1.08292634888117,1.1222775095715418,1.1550080285427868,1.197771303484226,1.2407694079336649,1.291047165031735,1.359720757495556,1.4266095204234388,1.552808523481439,1.6679467811245587,1.9841884591421053,2.599641536399255,13.47185697801441,20.69119673158921
2016-07-01 21:00:00,0.98734785461106,0.987345302768596,0.9873424780207576,0.9873408879864451,0.9873392044207028,0.9873375106669684,0.9873357166598974,0.9873339162975384,0.9873320089829596,0.98733021589174,0.9873283228372468,0.9873272108771408,0.9873260629183264,0.9873981292216816,0.9873981292216816,0.9873981292216816,0.9873981292216816,0.9873981292216816,0.9147239345809716,0.9757160293896892,0.9459026665332604,0.9602394316795834,0.9866038488167298,1.0131627380852737,1.030148979003462,1.0306428615639078,1.0297558089298662,1.038161560007765,1.047893198908903,1.0406519959556677,1.0375904786363164,1.0475367510984657,1.055398057809209,1.0605394438238092,1.0640636341208358,1.0761773263919434,1.0858140125671931,1.126046411163941,1.1600509094109797,1.2044181740883793,1.2492291490019731,1.3015916186539458,1.3729469952037807,1.4429588360970815,1.5739791053508638,1.6949760581722526,2.0235110596530577,2.665867454043896,13.974987582748836,22.07738910086472
2016-07-01 22:00:00,0.9788010133280444,0.9787984835752548,0.9787956832794584,0.9787941070090602,0.978792438016874,0.9787907589248862,0.9787889804473914,0.978787195669622,0.9787853048654506,0.9787835272958793,0.9787816506283524,0.9787805482937768,0.9787794102721102,0.9788508527433946,0.9788508527433948,0.9788508527433946,0.9788508527433948,0.9788508527433946,0.914847041486236,0.9687502581147368,0.9450654458192128,0.9582915717391296,0.9849086093102452,1.01256604895409,1.0305758534956455,1.0317068446619886,1.0310529826133543,1.0395660878223825,1.049473872682319,1.042251598187362,1.0390665527932164,1.0490619380165194,1.057165252350204,1.062574816623772,1.0662995436338567,1.0786922536669916,1.0886885589391202,1.1297800781494245,1.1650428220068088,1.2110113908770834,1.257644004535526,1.312106354336514,1.3861575371560335,1.4593229587425087,1.5951954330061482,1.7221236576401873,2.063052719901641,2.732547968901877,14.481605919707324,23.51023928286083
2016-07-01 23:00:00,0.9701856542374172,0.9701831467513892,0.9701803711036608,0.9701788087075184,0.9701771544057204,0.9701754900930188,0.9701737272695968,0.9701719582013548,0.97017008403995,0.97016832211646,0.97016646196727,0.9701653693353895,0.9701642413305348,0.9702350549686488,0.9702350549686488,0.9702350549686486,0.9702350549686488,0.9702350549686488,0.9144581942170998,0.9627447445260512,0.9438683205313354,0.956417994720842,0.983210013810564,1.0119158353725113,1.030953820391514,1.0327448026634574,1.0323476439486603,1.0409752353657258,1.0510535812277777,1.0438557349965905,1.0405536392823458,1.0505879349295015,1.0589217831818702,1.0645985109326337,1.0685284515218103,1.081197675867012,1.0915501589257222,1.133479727246363,1.1699844658598697,1.217550707114864,1.2660129717445183,1.3225899997532733,1.3993511687326574,1.475699875267359,1.616455997822578,1.749386340039978,2.102811661690672,2.7996806164206807,14.991733942294909,24.98976197371357
2016-07-02 00:00:00,0.9598209432203464,0.959818462522354,0.9598157165274932,0.959814170822779,0.9598125341942582,0.9598108876617828,0.9598091436709988,0.95980739350211,0.959805539362792,0.959803796262326,0.959801955985527,0.9598008750264782,0.9597997590723522,0.9598698161924824,0.9598698161924824,0.9598698161924824,0.9598698161924822,0.9598698161924824,0.9598698161924822,0.9598698161924822,0.9423904653656135,0.9546103267023048,0.9815127221464582,1.0112150377618592,1.0312824684264028,1.0337552675635306,1.0336383063593302,1.042388500172441,1.0526325845400006,1.04546402698013,1.0420513353391276,1.0521153477403815,1.0606683178005003,1.0666105614956756,1.0707500579405422,1.083693717814086,1.0943989829153642,1.137146515125887,1.174876578206291,1.2240359368015192,1.2743350896829622,1.3330411932419728,1.4125266477973832,1.4920876010667627,1.6377592214863117,1.7767609340648134,2.142785909379953,2.8672628805603253,15.505391101294046,26.51597428697813
2016-07-02 01:00:00,0.9521331711646066,0.9521307103359874,0.952127986335419,0.9521264530111656,0.952124829491368,0.9521231961469424,0.9521214661248092,0.9521197299740553,0.9521178906856328,0.9521161615466862,0.9521143360097498,0.9521132637087396,0.9521121566929484,0.952181652684282,0.9521816526842822,0.9521816526842825,0.9521816526842822,0.9521816526842825,0.9521816526842825,0.9521816526842822,0.94083487494362,0.9527879682341404,0.9798191759526858,1.0104666932874748,1.0315615817932098,1.0347368294035095,1.0349234807545042,1.043805318430655,1.0542110966825806,1.047076132737165,1.04355923940124,1.0536447227707213,1.0624055214065835,1.068611041442912,1.0729640826412568,1.0861804786495697,1.0972351990368714,1.1407815418801246,1.179719927914463,1.230466953627208,1.2826094409068396,1.343458586077614,1.4256827070668636,1.5084841763466188,1.6591034622910996,1.804244327032515,2.1829733077425324,2.9352921751167864,16.022594465321742,28.08889544394425
2016-07-02 02:00:00,0.9445324547094816,0.9445300135252368,0.9445273112698996,0.944525790185912,0.9445241796263956,0.9445225593206794,0.9445208431090176,0.9445191208176584,0.944517296211961,0.9445155808764354,0.9445137699124484,0.944512706171434,0.9445116079927608,0.9445805492094675,0.9445805492094675,0.9445805492094675,0.9445805492094675,0.9445805492094675,0.9445805492094675,0.9445805492094675,0.938922245228662,0.9509268861272552,0.97812808691178,1.009673795324725,1.0317911359215473,1.0356881449352688,1.0362016790990087,1.045225068381412,1.0557892848452424,1.0486917440409718,1.0450769534232074,1.0551765503848654,1.064134053468932,1.070600059921936,1.075170266157766,1.0886580345350687,1.1000589717113611,1.1443858541781933,1.1845153099888863,1.2368436895860837,1.29083515296501,1.353840844727916,1.438818056504937,1.5248876628348516,1.6804870207796847,1.8318334563902292,2.2233715378908605,3.003765828095569,16.543358824999533,29.70854648046837
2016-07-02 03:00:00,0.9370286980242394,0.9370262762337728,0.93702359544627,0.9370220864464028,0.937020488681838,0.9370188812485007,0.9370171786711344,0.9370154700623706,0.937013659952096,0.9370119582439056,0.937010161666966,0.9370091063767504,0.9370080169224628,0.9370764104416152,0.9370764104416152,0.9370764104416152,0.9370764104416152,0.9370764104416152,0.9370764104416152,0.9370764104416152,0.936680178861255,0.9489154052519134,0.9764358766444182,1.0088390759347108,1.0319712839675856,1.0366079452675308,1.037471418341421,1.0466470737953244,1.057367268628998,1.050310581141821,1.0466040846732378,1.0567112684848898,1.0658545646836566,1.0725777596524977,1.0773683707788118,1.091126441268298,1.1028704604546753,1.1479604481454986,1.1892635405982896,1.2431661333066892,1.2990113997095791,1.364186653080371,1.4519313857389025,1.5412961408598422,1.7019081447985038,1.859525302166364,2.263978131484113,3.072681068745577,17.067696783298786,31.37494996830092
2016-07-02 04:00:00,0.929622076394618,0.9296196737468796,0.9296170141493134,0.9296155170771396,0.9296139319418972,0.9296123372143082,0.9296106480947436,0.9296089529914556,0.9296071571889628,0.9296054689317036,0.9296036865555732,0.9296026396067618,0.9296015587639244,0.9296694116753884,0.9296694116753884,0.9296694116753882,0.9296694116753884,0.9296694116753884,0.9296694116753882,0.9296694116753884,0.934135407115459,0.9467488462192386,0.9747311567628272,1.0079648795817453,1.032102330622236,1.0374950421825204,1.0387312245863376,1.048070607498234,1.058945119573427,1.0519323882778464,1.048140247121398,1.0582492658956657,1.0675676943157306,1.0745443144375575,1.0795581813148665,1.0935857368059188,1.105669818910602,1.1515062719985063,1.1939654525795622,1.2494343281503726,1.3071374024171494,1.3744947146300652,1.4650213664944796,1.5577077067762195,1.7233650340286748,1.8873168802675284,2.304790483405034,3.142035016909355,17.595618834186784,33.088129749188155
2016-07-02 05:00:00,0.9239275380585726,0.9239251501286102,0.9239225068228047,0.9239210189211696,0.9239194434959086,0.9239178585370608,0.9239161797644492,0.9239144950447687,0.9239127102427312,0.9239110323271432,0.9239092608692226,0.9239082203336524,0.9239071461116783,0.9239745833800382,0.923974583380038,0.923974583380038,0.923974583380038,0.9239745833800382,0.923974583380038,0.923974583380038,0.9313133164980908,0.9444489364443736,0.9730057499346214,1.007052893813334,1.0321848128936368,1.0383484024852525,1.0399796810162842,1.0494949222392411,1.0605228780317697,1.0535569401440947,1.0496850692260231,1.0597908898962478,1.0692740705956096,1.0764999283676244,1.0817395067541244,1.0960359443754597,1.1084571945331148,1.1550242287424473,1.198621891550881,1.2556483702354209,1.3152124307879705,1.3847637546629927,1.4780866550745042,1.5741204707374952,1.7448558440627575,1.915205236536729,2.345805863078906,3.2118246743896286,18.127133431407216,34.848110680290155
2016-07-02 06:00:00,0.9224877294948932,0.9224853452861772,0.9224827060995848,0.9224812205166308,0.9224796475464444,0.9224780650575276,0.9224763889010422,0.922474706806756,0.9224729247860765,0.922471249485279,0.9224694807879216,0.9224684418738768,0.9224673693259238,0.9225347015029722,0.9225347015029722,0.922534701502972,0.9225347015029722,0.922534701502972,0.9225347015029722,0.922534701502972,0.9283337720565372,0.942098774514515,0.9712534484162952,1.006104335948491,1.0322194132585738,1.039167132458373,1.0412154213840203,1.050919247691938,1.0621005490971809,1.0551840353545656,1.0512381931072792,1.0613364484108692,1.0709743081668273,1.0784448329625045,1.0839121804266012,1.0984770746557388,1.1112327279408074,1.1585151783504817,1.2032337122100298,1.2618084061822217,1.3232358036668452,1.3949925223263249,1.4911258948148047,1.590532554758167,1.766378690055243,1.943187441475692,2.387021424574134,3.2820469180586023,18.662247048964137,36.65491838967627
2016-07-02 07:00:00,0.9249373916088072,0.9249350010688354,0.9249323548738944,0.9249308653459816,0.9249292881987796,0.9249277015075704,0.9249260209000592,0.9249243343389788,0.9249225475861508,0.9249208678366,0.9249190944424746,0.9249180527695978,0.9249169773734984,0.9249844883508472,0.9249844883508472,0.9249844883508472,0.9249844883508472,0.9249844883508472,0.9249844883508472,0.9249844883508472,0.925457745348831,0.9395794500120914,0.96947312648023,1.0051196181662978,1.0322066255320048,1.0399502934950682,1.042437019625898,1.0523427220976873,1.0636780574666025,1.0568134640807276,1.052799256923492,1.062886201557184,1.0726689991484195,1.0803792800692584,1.0860760572652717,1.1009091261002029,1.113996551331247,1.1619799390618677,1.207801774533423,1.2679146304525009,1.331206889382717,1.405179792508099,1.5041377184686324,1.60694209101976,1.7879316499768516,1.9712605855472136,2.42843421560993,3.352698494469908,19.200964234654432,38.50857904085216
2016-07-02 08:00:00,0.9318375772357514,0.9318351688619568,0.9318325029259648,0.9318310022859276,0.9318294133729474,0.93182781484476,0.9318261216996392,0.9318244225565346,0.9318226224742358,0.9318209301934758,0.9318191435695374,0.9318180941256092,0.9318170107068774,0.9318850253272618,0.9318850253272616,0.931885025327262,0.9318850253272618,0.9318850253272618,0.9318850253272618,0.931885025327262,0.922908567784108,0.9370870118548148,0.9676536981382142,1.004099100162701,1.0321469718448864,1.0406970539543692,1.0436430916539197,1.053764457316929,1.0652552861663127,1.0584450284514604,1.0543679101107954,1.064440374005848,1.074358717774203,1.0823035432553778,1.0882310162798106,1.103332088563404,1.116748789226618,1.1654192899184632,1.2123269411818471,1.2739672831671478,1.339125106255506,1.415324367864329,1.517120750735596,1.6233472205450454,1.8095127676069984,1.9994217750508287,2.470041185626908,3.4237760157902013,19.74328765782056,40.409119105449335
2016-07-02 09:00:00,0.9459403585964636,0.9459379137734316,0.945935207490159,0.9459336841388696,0.9459320711786808,0.9459304484577647,0.9459287296879472,0.94592700482937,0.9459251775039468,0.9459234596115714,0.9459216459481924,0.9459205806215838,0.9459194808059844,0.945988524785287,0.9459885247852872,0.9278492259811708,0.9369716292921128,0.9278147782013207,0.9278176727309992,0.9278332428399788,0.9209257940232928,0.9346672149899964,0.9657939792389788,1.0030418856671175,1.032040746202662,1.0414065631847966,1.0448322374555294,1.0551835057874943,1.0668320508670592,1.060078520207175,1.0559438006083948,1.0659991499416015,1.0760440147676174,1.0842179127882736,1.0903769588435723,1.1057459442642974,1.1194895577501645,1.1688339721514684,1.2168100745542496,1.279966647454578,1.346989922655767,1.425425080591031,1.5300736106790311,1.6397460920653095,1.8311200552034288,2.0276681284503666,2.5118391929851698,3.495275956842431,20.28921815228966,42.35656514332885
2016-07-02 10:00:00,0.9712099502804068,0.971207440147042,0.971204661568859,0.9712030975231803,0.971201441474815,0.9711997754049768,0.971198010720413,0.9711962397844364,0.971194363644342,0.97119259986066,0.9711907377475748,0.9425327623055918,0.9552326607111744,0.9418838695490434,0.9417582610179158,0.9249197282529082,0.9323565862467872,0.924312138500466,0.923774369255465,0.9238109415203924,0.9188201300632588,0.9322830883064496,0.9638981244364808,1.0019452796274564,1.0318877062705918,1.0420779474665036,1.0460031216652752,1.0565989234370554,1.0684081149996023,1.0617137062009063,1.0575265594569094,1.0675626674505243,1.0777254145039423,1.086122693990042,1.0925138096367066,1.1081506706121906,1.122218965335259,1.1722246912989134,1.221252034651601,1.285913047110007,1.3548008571066394,1.4354807942406484,1.5429949142212092,1.656136861189354,1.8527514959650664,2.0559967731535878,2.553825011416732,3.5671946531221197,20.83875475535078,44.35094358948941
2016-07-02 11:00:00,1.00316847775876,1.0031658850272234,1.0031630150174533,1.0031613995054602,1.0031596889633498,1.0031579680700011,1.003156145316922,1.0031543161067211,1.0031523782305682,1.0031505564080152,0.96895121236056,0.9549671565103766,0.9507680802477982,0.9386079040963834,0.93756980510012,0.9219326956313544,0.9278671508382976,0.9207621467354328,0.9197845503290228,0.9198181894658608,0.9165966568278192,0.9299245575479386,0.961964409345735,1.0008075998552532,1.0316875709625597,1.0427103588772586,1.047154390917174,1.0580097096577148,1.06998319037993,1.0633503568867573,1.0591158309176545,1.0691310368136826,1.0794034193092006,1.088018205530297,1.0946415156170648,1.1105462412498794,1.1249371123977665,1.1755921184833786,1.22565367671486,1.29180684393834,1.3625574780231242,1.4454904053127915,1.5558832765422852,1.672517689752118,1.8744050462530208,2.084404842655731,2.595995335788456,3.6395282996289553,21.39189474346666,46.39228054725703
2016-07-02 12:00:00,1.0265641801216625,1.0265615269229391,1.026558589979353,1.0265569367907,1.0265551863556557,1.0265534253279631,1.0265515600649868,1.0265496881942977,1.0265477051233691,1.026545840812621,0.96844586244705,0.9810654646320628,0.9471941673095544,0.9351973035352604,0.933404594174169,0.9188552794351944,0.9234665020154412,0.9171598474316476,0.9158331616436513,0.9158539476819764,0.9142572352246712,0.927581275245256,0.9599882736871672,0.9996260309562188,1.0314395396941254,1.0433027937252617,1.0482846377812791,1.059414795558782,1.071556907519256,1.0649882061822975,1.0607112414637925,1.070704325078763,1.081078500792476,1.089904773841036,1.0967600440596827,1.1129326269305035,1.127644091174825,1.178936891667531,1.2300158491349074,1.2976484351308726,1.3702594033110804,1.4554528447501764,1.5687373144640882,1.6888867453841434,1.8960786376358407,2.112889474030731,2.6383467872654447,3.712272950400855,21.94863366532495,48.4806015873304
2016-07-02 13:00:00,1.0505136764943772,1.050510961397164,1.0505079559353874,1.050506264178239,1.050504472905964,1.050502670793918,1.050500762014803,1.0504988464738192,1.050496817138321,1.0242661618882112,1.029686402444817,0.9765331476154098,0.945333675356248,0.931762485784498,0.9292850727519048,0.9157159981067112,0.9191570977322108,0.913522980672428,0.9119207775714446,0.9119226646539732,0.9118096446500928,0.925246297838022,0.9579629656905334,0.9983969149534212,1.0311427974167406,1.0438545136041062,1.0493927156902554,1.0608132510401058,1.0731289289554031,1.0666270037601266,1.0623124260002346,1.0722825748325586,1.0827511120495337,1.0917827404543772,1.0988693885749004,1.1153098013840257,1.1303399888719243,1.1822596188710448,1.234339392851005,1.303438251466424,1.3779063003220344,1.4653670796398033,1.581555649003432,1.7052422014071205,1.917770178861504,2.141447805782672,2.680875917971896,3.7854245186623703,22.50896537274618,50.61593155233313
2016-07-02 14:00:00,1.0720755074284454,1.072072736603764,1.0720696694547769,1.072067942974252,1.0720661149360498,1.0720642758355887,1.0720623278787142,1.0720603730211826,1.0720583020335008,1.0233586134176136,1.039162332866124,0.9758124062387292,0.943272904185326,0.9284020068278668,0.9252037188056766,0.9125198099931948,0.9149284623913226,0.9098587080305168,0.9080421867190868,0.9080213905235164,0.909266526645226,0.9229121515672924,0.9558991361520552,0.9971211519910868,1.0307976013307818,1.0443649839098104,1.0504773662509286,1.06220400925937,1.074698891287647,1.068266581968327,1.0639191165381856,1.073865857890251,1.084421703680839,1.0936524600301316,1.1009695640249806,1.1176777385530268,1.133024885182904,1.1855608776723126,1.2386251386291405,1.3091767540804566,1.3854978847422226,1.475232114213158,1.5943369075198857,1.7215822366834452,1.93947755755435,2.1700769758843865,2.7235792151186704,3.858978777436659,23.07288204982868,52.79829436655406
2016-07-02 15:00:00,1.0917987458491194,1.091795924048891,1.0917928004728046,1.0917910422297905,1.0917891805607167,1.0917873076258695,1.0917853238319504,1.0917833330104212,1.0702410622461216,1.0914149214220166,1.0350234205627444,0.9756196173645388,0.9412519217677052,0.9251033867856636,0.9211647802289628,0.9092740025431456,0.9107730650804992,0.9061741121813232,0.9041935090519684,0.9041475888721578,0.9066398120147062,0.9205729024859148,0.9538073574093012,0.995801201618908,1.0304045051458128,1.044833782413417,1.0515373838803157,1.063585992691576,1.0762663966957446,1.0699067727622398,1.065531059954541,1.0754542310493609,1.086090706838551,1.0955142948879089,1.1030606063793509,1.1200364150498632,1.1356988536879091,1.188841217138776,1.2428739060982783,1.3148644322798702,1.3930339199869028,1.4850469911288755,1.6070797260750098,1.7379050357998131,1.961198641908373,2.198774120134399,2.766453104751656,3.932931360603397,23.64037424072289,55.02771285065686
2016-07-02 16:00:00,1.1013780372507989,1.101375190692485,1.1013720397105733,1.101370266040978,1.1013683880378768,1.101366498670158,1.1013644974707049,1.1013624891819824,1.1013603615889798,1.0868594366081756,1.0850060580929592,0.9750574312529782,0.9392601909041388,0.9218400342621182,0.91715380585296,0.9059745780664888,0.9066773388029028,0.9024711230292456,0.9003692984880871,0.9002992443835651,0.9039378349535534,0.918223339193225,0.9516947170021844,0.994439568433301,1.0299639780740175,1.045260451748368,1.0525715734154706,1.0649580961993312,1.0778309859040398,1.071547373558946,1.0671479908547326,1.077047722018791,1.0877585257021187,1.0973686098804718,1.1051425703262685,1.1223858104505025,1.1383619618787593,1.1921011587915968,1.2470865023667912,1.3205018010395282,1.400514216240181,1.4948107924849976,1.619782751648423,1.7542087893510991,1.9829312822567493,2.2275363707202875,2.809493955112613,4.007277764296155,24.211430876300422,57.30420854114283
2016-07-02 17:00:00,1.1012294055003145,1.1012265593261457,1.1012234087694617,1.101221635339224,1.1012197575895606,1.1012178684768132,1.1012158675474235,1.1012138595297212,1.1012117322238384,1.101209732315935,1.1012076209149084,0.9773168685774482,0.9580164526936042,0.9186093559744096,0.9131701729326346,0.9026261936647038,0.9026342937689388,0.8987547398310628,0.8965676834732181,0.8964781775202781,0.9011657228876752,0.9158594492550984,0.949559993987262,0.9930363929529386,1.029475927759806,1.0456444648541896,1.0535788279273453,1.0663192531697825,1.0793921531214574,1.0731881303979145,1.068769611448099,1.078646319923317,1.0894255342732886,1.099215770843392,1.1072155293588286,1.1247259091751305,1.1410142723191057,1.195341198224014,1.2512637212283464,1.326089398835091,1.4079386295596448,1.5045226408177517,1.6324446443677576,1.770491694414389,2.004673312600173,2.256360855009253,2.85269807968174,4.08201334859454,24.78603929996646,59.627801514406464
2016-07-02 18:00:00,1.0847415929482151,1.084738789387498,1.0847356860015376,1.0847339391234292,1.084732089487785,1.084730228659187,1.084728257688086,1.0847262797348,1.0847241842793387,1.0847222143144304,1.0847201345256945,1.084718912879877,0.9548651405811416,1.0163572159190202,0.9092158787575518,0.8992354811938298,0.8986392890607517,0.8950304825546227,0.8927885067436134,0.8926881350601449,0.8983269035905072,0.9134776820688436,0.9473977587724092,0.9915898951835168,1.0289397709155048,1.0459852112054313,1.054558083637528,1.0676684105573238,1.0809493477023735,1.074828748359382,1.0703956015029683,1.0802499816776208,1.0910920777066493,1.1010561428151284,1.1092795743690194,1.1270567010029986,1.143655842980518,1.1985618061371248,1.2554063421629111,1.3316277853249765,1.4153070607452791,1.5141816998908162,1.6450640796238272,1.7867519551232092,2.026422552060721,2.2852446945174334,2.8960617399212403,4.15713333944588,25.364185292800173,61.998510215241296
2016-07-02 19:00:00,1.0605270203953987,1.0605242794182728,1.0605212453088708,1.0605195374261387,1.0605177290797168,1.0605159097901995,1.0605139828168797,1.060512049017237,1.0605100003384078,1.0605080743488189,1.0605060409869884,1.0605048466118423,1.060503613569875,1.0605810212044906,0.9112177727106764,0.9876795532674362,0.8946873335920014,0.8913028710722615,0.8890316656794799,0.888931633815901,0.8954245559224918,0.9110745287888172,0.9451991871040164,0.99009578795734,1.0283541722374778,1.046281925121988,1.0555083016686109,1.0690045278177809,1.0825019709685493,1.076468881496641,1.0720256078553172,1.0818586262196777,1.0927584688402454,1.1028900869695089,1.1113348120577555,1.129378181613636,1.1462867277345226,1.201763429437181,1.2595151295279592,1.3371175391430483,1.4226194541445176,1.5237871753772454,1.657639750129809,1.8029877833700363,2.048176806300313,2.3141850040585736,2.9395811477648723,4.232632830777286,25.94585309818278,64.41635128968386
2016-07-02 20:00:00,1.031889440411396,1.0318867734493118,1.031883821270449,1.0318821595059462,1.0318803999905906,1.0318786298276383,1.0318767548886856,1.0318748733077423,1.0318728799497137,1.0318710059679284,1.0318690275132911,1.0318678653900475,1.031866665644109,1.0319419830280423,1.031941983028042,1.031941983028042,1.0319419830280423,0.8875762032838596,0.9049481690965644,0.8852104523447557,0.8924646046698375,0.908647007220692,0.9429621854846064,0.988551679777193,1.0277182008435852,1.046533955748549,1.0564284552389955,1.070326547767194,1.08404941927475,1.078108211809982,1.0736593168695503,1.0834721794333475,1.0944250076779003,1.104717966054305,1.1133813659401337,1.1316903538393537,1.1489069771883698,1.2049464924828113,1.2635908319781115,1.342559255835427,1.429875796421202,1.5333383154459574,1.6701703679261144,1.819197399629204,2.06993386891811,2.3431788910600937,2.983252467885764,4.308506786759536,26.531025446037585,66.88133942210072
2016-07-02 21:00:00,1.0111813220032329,1.01117870856216,1.011175815628084,1.0111741872121307,1.0111724630070038,1.0111707283679578,1.0111688910555727,1.0111670472344898,1.0111650938794814,1.011163257505055,1.0111613187543544,1.0111601799527814,1.0111590042835312,1.011232810186444,1.011232810186444,1.011232810186444,1.0112328101864445,1.0112328101864445,1.0112328101864445,0.8826884455010189,0.9129018631799448,0.9061925920954628,0.9406857109637524,0.9869552908958844,1.0270308019705865,1.0467406305960956,1.0573175352899034,1.0716334122270537,1.0855910641480335,1.0797464093001643,1.0752964184346376,1.0850905547578706,1.0960919731047514,1.1065401401430146,1.1154193744560912,1.1339932279981049,1.1515166392155518,1.2081113981414873,1.2676341818966612,1.347953545815492,1.4370761152172955,1.5428344112039507,1.682654666294789,1.835379033868893,2.091691522824754,2.3722234550271115,3.0270718197659274,4.384750044186365,27.119683576777025,69.3934871764369
2016-07-02 22:00:00,1.0009166031453594,1.0009140162338883,1.0009111526666077,1.0009095407810544,1.0009078340787043,1.0009061170483522,1.00090429838692,1.0009024732828609,1.0009005397567787,1.000898722023784,1.0008968029537582,1.0008956757124046,1.0008945119776258,1.0009675686609605,1.0009675686609605,1.0009675686609605,1.0009675686609605,1.0009675686609605,1.0009675686609605,0.8866284665897026,0.9518595386930936,0.9050895748199804,0.938368970906246,0.985304025900567,1.0262905843205556,1.0469011682473053,1.0581745227839598,1.0729240510220537,1.0871262393953656,1.0813831158587537,1.0769365925105696,1.086713646288778,1.0977596193233703,1.1083569635918862,1.1174489890211874,1.1362868218938569,1.1541157592993756,1.2112585286997566,1.2716458948536455,1.3533010323537946,1.4442204777255498,1.552274797002015,1.695091401582678,1.8515309265431248,2.113447541603521,2.401315787145049,3.0710352795935307,4.461357314941165,27.711807265032,71.95280484155734
2016-07-02 23:00:00,0.9907879342220643,0.9907853734885684,0.9907825388988516,0.990780943324603,0.9907792538930452,0.9907775542379988,0.9907757539803168,0.9907739473452042,0.9907720333852332,0.9907702340465938,0.9907683343963926,0.9907672185620378,0.990766066603549,0.9908383839975604,0.9908383839975604,0.9908383839975604,0.9908383839975604,0.9908383839975604,0.9908383839975604,0.8897192302924647,0.9692146726953548,0.90634124801363,0.9361107777933546,0.9836075884070876,1.025499841102041,1.047015588547242,1.0589984105165662,1.0741973086101109,1.0886543290407775,1.0830181293889865,1.0785796849057483,1.0883414393610942,1.0994282260195856,1.1101688018977256,1.1194703781498458,1.1385711624849062,1.1567043815051898,1.214388247069332,1.275626669347483,1.3586023497686688,1.4513089892839164,1.561658850669931,1.7074793549688116,1.8676513296771795,2.135199690880897,2.430452970021324,3.1151388820169053,4.538323188530868,28.307374843222306,74.55930028062355
2016-07-03 00:00:00,0.9802269993321464,0.9802244658938356,0.9802216615183716,0.980220082951552,0.9802184115278608,0.980216729989654,0.9802149489211484,0.9802131615431896,0.980211267984362,0.9802094878251024,0.980207608423515,0.9802065044829807,0.9802053648033644,0.9802769113570544,0.9802769113570544,0.9802769113570546,0.9802769113570546,0.9802769113570546,0.9802769113570544,0.8920189637170214,0.9757318404682368,0.9085240126359972,0.9340579665521676,0.9818783913789124,1.024660591712432,1.0470838733191687,1.0597882659344664,1.075452065241371,1.0901746589466847,1.084651166237408,1.0802254828289746,1.089973876201856,1.1010980401234105,1.1119760106863097,1.121483721203145,1.1408462851968484,1.1592825489402103,1.2175008978036066,1.2795771865482348,1.3638581416505238,1.4583417918959505,1.5709859936196322,1.719817334132451,1.883738508010983,2.1569457296971333,2.4596320775486697,3.159378621770224,4.615642134663339,28.906363225007137,77.2129787844521
2016-07-03 01:00:00,0.9692288828152956,0.9692263778020836,0.9692236048916256,0.9692220440362768,0.9692203913659074,0.9692187286945072,0.9692169676095348,0.9692152002859014,0.969213327972745,0.969211567786817,0.9692097094720572,0.9692086179177016,0.969207491025255,0.9692782348288328,0.9692782348288328,0.9692782348288328,0.9692782348288328,0.9692782348288328,0.9692782348288328,0.9692782348288328,0.9692782348288328,0.910942901804735,0.9335679350768636,0.9801335694799987,1.0237744631762058,1.0471058957171038,1.060543211744034,1.0766872350260448,1.091686505234092,1.0862818703919075,1.0818737222531043,1.0916108608850543,1.102769277982164,1.1137789353854162,1.1234892074668903,1.1431122341593671,1.1618503043407808,1.2205968081086322,1.2834981101239469,1.3690690591730297,1.465319062717766,1.5802556908400078,1.732104174831243,1.8997907401979508,2.178683411886428,2.48885017488616,3.203750455191628,4.693308505852921,29.50874792864582,79.91384292880805
2016-07-03 02:00:00,0.9619569853443796,0.9619544991256956,0.9619517470197356,0.9619501978751194,0.9619485576043488,0.9619469074075832,0.9619451595356192,0.9619434054718012,0.9619415472061724,0.9619398002265076,0.9619379558542482,0.9619368724895696,0.9619357540519334,0.9620059670813096,0.9620059670813096,0.9620059670813096,0.9620059670813096,0.9620059670813096,0.9620059670813096,0.9620059670813096,0.9620059670813096,0.9128221232761408,0.9325677061570826,0.9784453972978512,1.0228438571648315,1.0470815925153705,1.0612624145697114,1.0779017476359785,1.0931891162019451,1.0879098528834217,1.083524122728822,1.093252280439202,1.1044421344856814,1.1155779132955297,1.1254870358378992,1.1453690624833175,1.1644076906562757,1.2236762888345885,1.2873900861425391,1.3742357594913304,1.4722410125192809,1.5894674507873163,1.7443387423869523,1.915806320049464,2.2004104874704984,2.518104318551849,3.248250301651044,4.77131654004069,30.114503100287592,82.66189243559037
2016-07-03 03:00:00,0.9548016953445349,0.9547992276190018,0.9547964959839326,0.9547949583622626,0.9547933302922594,0.9547916923700926,0.954789957499262,0.9547882164826336,0.9547863720392752,0.9547846380541062,0.9547828074007746,0.9547817320944484,0.9547806219760464,0.9548503127423752,0.9548503127423752,0.954850312742375,0.9548503127423752,0.9548503127423752,0.9548503127423752,0.954850312742375,0.9548503127423752,0.9141511667674158,0.9312119282636548,0.9767874983411696,1.0218749349448244,1.0470109872592126,1.0619450845852083,1.0790945502497844,1.0946817146828538,1.089534692229131,1.0851763870135198,1.094898005486894,1.106116783671445,1.1173732729319934,1.1274774138234092,1.1476168323385951,1.1669547515913028,1.226739635443771,1.2912537430431026,1.379358904227157,1.4791078841271017,1.5986208251755076,1.7565199330766617,1.9317835578155464,2.222124704068353,2.547391556621583,3.2928740449033085,4.849660363218643,30.72360153720213,85.45712403786864
2016-07-03 04:00:00,0.9477624507624264,0.9477600012301198,0.9477572897339418,0.947755763448338,0.947754147381228,0.9477525215345894,0.9477507994540376,0.947749071272998,0.9477472404277384,0.9477455192263192,0.94774370206942,0.9477426346907548,0.947741532756665,0.9478107097300754,0.9478107097300752,0.9478107097300752,0.9478107097300752,0.9478107097300752,0.9478107097300752,0.9478107097300752,0.9478107097300752,0.9149724995455416,0.9293689118461642,0.9751413887526404,1.020871814896693,1.0468944249584955,1.062590478026221,1.080264607403472,1.0961635022840397,1.0911559387841885,1.086830204017513,1.096547892636545,1.1077933800527648,1.1191653336640812,1.129460556611331,1.1498556149752848,1.169491532122294,1.2297871289569045,1.295089691671336,1.38443915804041,1.485919950856005,1.6077154086710352,1.7686466754277916,1.9477207814927056,2.243823808324142,2.576708929029092,3.337617534380867,4.92833399204938,31.336014710956118,88.29953134873206
2016-07-03 05:00:00,0.9422297022450998,0.942227267012417,0.9422245713451276,0.9422230539695142,0.9422214473365118,0.9422198309810708,0.9422181189535008,0.9422164008610556,0.9422145807037132,0.9422128695501432,0.9422110630012528,0.942210001853619,0.9422089063522848,0.9422776794915946,0.9422776794915944,0.9422776794915944,0.9422776794915944,0.9422776794915944,0.9422776794915944,0.9422776794915944,0.9422776794915944,0.9153253650867966,0.9274567571576168,0.9734841569372922,1.0198373207217484,1.046732518070548,1.0631979532922948,1.0814109251687574,1.097633678658802,1.0927731284396625,1.0884852574064054,1.0982017902991696,1.1094720621678786,1.1209544068599184,1.1314366870893735,1.1520854912776972,1.1720180793618429,1.232819037116576,1.2988985255254677,1.38947718738246,1.4926775149963163,1.6167508385354024,1.7807179314400312,1.963616338165685,2.2655055473639174,2.606053467969044,3.382476586442863,5.007331336477398,31.951712790538352,91.18910473391392
2016-07-03 06:00:00,0.9406125963723408,0.9406101653191364,0.940607474278298,0.9406059595068872,0.9406043556312758,0.9406027420499118,0.9406010329606166,0.9405993178168556,0.9405975007833656,0.9405957925665708,0.9405939891181776,0.9405929297917432,0.940591836170568,0.9406604912776748,0.9406604912776748,0.9406604912776748,0.9406604912776748,0.9406604912776748,0.9406604912776748,0.9406604912776748,0.9406604912776748,0.9153289148420906,0.9256417808357806,0.9718152222795589,1.018772698150444,1.0465260410242925,1.063766974493937,1.0825325507181442,1.099091442146248,1.094385782888254,1.09014122518978,1.0998595389813284,1.1111529530003628,1.122740795302218,1.1334060348255168,1.1543065516123678,1.1745344429869655,1.2358356152739072,1.302680820896625,1.394473659233498,1.4993809062391978,1.625726794142173,1.7927326976840587,1.9794685953438425,2.287167670261995,2.635422198386593,3.4274469855845826,5.086646202322446,32.57066466542844,94.1258311881518
2016-07-03 07:00:00,0.9526237072129696,0.9526212451165392,0.9526185197125742,0.9526169855983572,0.9526153612421272,0.9432855761186184,0.9469400403299422,0.9397814228646332,0.9389625992928126,0.9382714622486856,0.937963850656364,0.9370895466061366,0.9369630296575064,0.9367443091163004,0.9366920296712417,0.936876976028462,0.9368736820234872,0.9368795786272132,0.9368916478569582,0.9369079929792764,0.9369292536883524,0.9152374433605788,0.9239024084978188,0.970141600046148,1.0176788475546603,1.0462756604653605,1.0642970016949935,1.0836285040844496,1.100535948513852,1.0959933839948173,1.091797762941588,1.1015209610099768,1.1128361536504296,1.1245247883651122,1.1353688323394346,1.1565188938840911,1.177040674527995,1.2388371065461148,1.306437136609628,1.3994292396367316,1.5060304799263715,1.6346429962972622,1.8046900062277853,1.9952759422531885,2.308807929496597,2.664812138536792,3.4725244856097013,5.166272293846731,33.1928379686006,97.10969421524364
2016-07-03 08:00:00,0.9839243608876238,0.9839218178933248,0.9839190029399132,0.9707034273259456,0.9702358603565724,0.9492229768181918,0.948998488269126,0.9404818983849292,0.9380731021592842,0.9364354209753144,0.9356402727895274,0.9338298680416858,0.9334699504820524,0.932933798621289,0.9327896061387636,0.9331273102109884,0.9331213048711872,0.9331257897986904,0.933145198835398,0.9331747982665828,0.9332172207513846,0.914930575151228,0.922270115275664,0.9684686845169376,1.0165570819708902,1.0459820860821216,1.064787584774428,1.0846978416163702,1.1019663509737307,1.0975953983414335,1.0934545183494715,1.1031858700379125,1.1145217496451267,1.12630666532068,1.1373253165417063,1.1587226248091402,1.179536828692268,1.2418237432627492,1.3101680146413062,1.4043445928427756,1.5126266156470918,1.6434992066961085,1.8165889255984569,2.011036791208741,2.330424082477787,2.694220300663486,3.517704810809047,5.246203216315756,33.818199099470164,100.1406737117712
2016-07-03 09:00:00,1.0245256379189176,1.0245229899888937,1.024520058877464,0.9953857319461304,1.0172574609227805,0.9581330181702756,0.9527247610791422,0.9421697760371972,0.9378549649864748,0.935024336389892,0.9335828186910496,0.9307838854867606,0.930097114692771,0.9292164366536048,0.9289462737463012,0.929407410958851,0.9293993866593462,0.9293969806198348,0.9294197323407238,0.9294599758270972,0.9295236198743374,0.9144223676866032,0.92072529578075,0.9668027383086898,1.0154088641190997,1.0456460007942734,1.0652383027569452,1.08573962291628,1.1033817798107202,1.099191263776324,1.0951111218506433,1.1048540654400931,1.1162098077504796,1.1280866927169488,1.1392757264243865,1.1609178587554538,1.1820229631403694,1.244795747428736,1.3138739801727046,1.409220380148913,1.51916971560797,1.6522952271561284,1.828428561548676,2.026749578913284,2.352013893053016,2.7236436917350706,3.5629836571170714,5.32643247852854,34.446713246762286,103.21874585444242
2016-07-03 10:00:00,1.066153887957981,1.0661511324379769,1.0661480822304168,1.0661463652861245,1.033300866282448,1.059662737041816,0.9581018687409548,0.9448158372440548,0.9382773704637252,0.9340181777878092,0.9317770381666484,0.9279380214846144,0.926838778419091,0.925586133810969,0.925158866563642,0.9257155827243878,0.9257055448610748,0.9256918914047274,0.9257144113232948,0.9257629510082382,0.92584791288768,0.913726078639667,0.9192504499184592,0.9651485027758682,1.0142359716754137,1.0452681488160585,1.0656488087358664,1.0867529426403149,1.1047813629236662,1.1007804016796408,1.0967671934697911,1.1065253368797,1.117900379227527,1.129865125904503,1.1412203033887216,1.1631047182010197,1.1844991392788522,1.2477533318309373,1.3175555421036311,1.4140572590870844,1.5256602031962234,1.6610308988935245,1.8402080577942304,2.0424127677818857,2.3735751330556085,2.753079314276349,3.608356693281174,5.40695349533486,35.0783444113072,106.3438829910218
2016-07-03 11:00:00,1.1054996274569144,1.1054967702461755,1.1054936074726216,1.105491827165578,1.1054899421345914,1.1054880456964578,0.9699218328067728,0.9669139909922642,0.9390736635903092,0.9332453984492628,0.9301118485440424,0.9252172436113568,0.9236494963648196,0.9220117642831308,0.9214080362451046,0.9220398115011204,0.9220309090038808,0.922005026809794,0.922025713424784,0.9220814990377402,0.922188999307154,0.9128532499018492,0.9178296306761696,0.963509178145141,1.0130402520062003,1.0448492690572402,1.066018778446487,1.08773690130113,1.1061642083427772,1.1023622054449431,1.0984223347086388,1.1081994593815858,1.1195934970865558,1.1316422068180323,1.143159289204638,1.1652833326365966,1.186965422053116,1.250696700506525,1.3212131932123872,1.41885588244135,1.5320985214118923,1.6697061016412813,1.85192659659256,2.0580248472023124,2.395105583840619,2.782524167259305,3.6538195620295206,5.4877595901272445,35.71305542874858,109.5160535348042
2016-07-03 12:00:00,1.120997094261685,1.120994196997085,1.1209909898861317,1.1209891846218216,1.120987273165493,1.1209853501421068,1.120983313294906,0.9694687462980984,1.0545934781720987,0.9325553212002576,0.9284926158720238,0.9225600549844786,0.920493832614932,0.9184698673825008,0.9176797269171724,0.9183717917858824,0.9183692680831717,0.9183326367692036,0.9183514162556944,0.918415431756404,0.918554045806734,0.9118075431510748,0.9164489338098524,0.9618837808450904,1.011823294022779,1.0443901638583228,1.0663479734473296,1.0886906509994398,1.1075294321337503,1.1039360561883462,1.1000761372919323,1.1098761993526307,1.1212891806571303,1.133418166653138,1.145092927166099,1.167453839475179,1.1894218810074315,1.2536260500175394,1.3248474108770532,1.4236168976790728,1.5384851315460475,1.6783207528510418,1.8635833993141435,2.073584334821521,2.416603037866461,2.811975247088205,3.699367881268569,5.568843997325431,36.35080799216968,112.73522186259896
2016-07-03 13:00:00,1.1495536037792111,1.1495506327090996,1.1495473438995456,1.1495454926475628,1.1495435324984045,1.1495415604875263,1.1495394717532632,0.9804345050090114,1.1075724048902522,0.9385725654763212,0.9267889794504371,0.9198825980084996,0.9173227593611682,0.9149293793299528,0.9139553206365724,0.9147004730465592,0.9147128223180764,0.9146699597078838,0.9146888750715564,0.9147639631388284,0.9149456575447196,0.9105669103876451,0.9150966374721432,0.9602157544647644,1.010578115900393,1.0438906532804992,1.0666361767628498,1.089613434569114,1.10887608240979,1.1055011866186757,1.101728057740031,1.1115552373976894,1.1229874007355165,1.1351932125749369,1.1470214571429764,1.1696163823093773,1.1918685899203825,1.256541569853494,1.3284586572861707,1.4283409461083048,1.5448205116692124,1.6868748067030064,1.875177726828688,2.0890897777381263,2.4380653002457637,2.841429548628619,3.744997245285869,5.650199864836684,36.991562674623154,116.00134821617776
2016-07-03 14:00:00,1.1812656767017504,1.181262623670439,1.1812592441343903,1.1812573418129857,1.181255327590322,1.1812533011787163,1.1812511548237443,0.991909016945912,1.1158020121713932,0.947145340106512,0.9254063672149808,0.9171798624987644,0.9141349171711776,0.911389313086963,0.9102353778451208,0.9110271825440196,0.9110618410949578,0.9110173547800704,0.9110385125397364,0.9111269043466907,0.9113597317512818,0.9091562265237544,0.9137586326787042,0.9585246346564557,1.0093047887990496,1.0433514337897476,1.0668832720621613,1.090504488303649,1.1102033276059338,1.1070570032852702,1.1033777068953765,1.1132363432675312,1.1246881574376186,1.1369675552814968,1.1489451230825567,1.171771112811408,1.194305627804454,1.259443443547026,1.3320473801268122,1.4330286623931825,1.551105155339575,1.6953682531894616,1.886708879874838,2.104539753702738,2.459490190330701,2.870884066320713,3.790703225991372,5.731820256513044,37.635278951573326,119.3143886071536
2016-07-03 15:00:00,1.208024013389936,1.2080208912005674,1.2080174351103912,1.2080154896971085,1.2080134298477498,1.2080113575333429,1.183244442613433,1.1683839341714366,1.106848719937759,0.9552527420915816,0.9243602325628928,0.9144003990684088,0.9108846588987932,0.9078200282568,0.906501853321299,0.9073413799733688,0.9074091637644126,0.9073703914056924,0.9073975188418292,0.9075017833846424,0.9077909257302402,0.9075996005948046,0.91242301986424,0.9568321949948572,1.008006248568953,1.0427733244795694,1.0670891620070233,1.091363054909588,1.1115103283996122,1.108602898953312,1.105024686071203,1.114919277967355,1.1263914365654353,1.138741392244483,1.1508641666097077,1.1739181881500425,1.196733077985349,1.2623318487146202,1.335614012648434,1.4376806737292651,1.5573395700918078,1.7038011169965257,1.8981761992376152,2.119932872208994,2.480875543257729,2.900335795327883,3.8364813741728088,5.813698154590734,38.28191522323975,122.6742947252445
2016-07-03 16:00:00,1.2214277775292546,1.221424620697288,1.2214211262596808,1.2214191592608497,1.221417076556205,1.2214149812482036,1.2214127619188564,1.1679715974401812,1.1144177426654598,0.9619485135454996,0.9236344688461804,0.911590323981098,0.9075849346521498,0.90422784679961,0.9027587783143416,0.9036460817824944,0.9037560642329492,0.9037297950620228,0.903766253158946,0.9038883136455668,0.9042366090598452,0.9059154677925187,0.911080763974667,0.9551519392064868,1.00668617488719,1.0421572853036427,1.0672538464793748,1.0921884487808606,1.1127962564051264,1.1101382447960133,1.10666857339227,1.116603785799823,1.1280972078832796,1.1405149082692148,1.152778827616389,1.1760577715785985,1.1991510289045126,1.26520695813606,1.339158974411425,1.442297599503492,1.5635242762309136,1.7121734565182989,1.9095790659436265,2.135267775602099,2.5022192115308184,2.929781732769277,3.882327220801999,5.895826462136175,38.93142883685565,126.0810138498914
2016-07-03 17:00:00,1.2281537117679455,1.2281505375525164,1.2281470238723815,1.2281450460420422,1.228142951868742,1.2281408450226834,1.220278308243417,1.2236379572532268,1.1149041635780057,0.9683110387800298,0.923131929650838,0.9087778751847742,0.9042430743625016,0.9006157153923141,0.8990084358774142,0.8999433989714685,0.9001034385530438,0.9000961023892688,0.900145043128206,0.900286442079912,0.9006953672037016,0.9041169795533844,0.909724672317371,0.9534894975958828,1.0053477855106665,1.041504313091627,1.0673773809274616,1.0929800341157156,1.1140602838244718,1.111662384472611,1.1083089198785372,1.1182895918361224,1.1298054237425226,1.1422882743784886,1.1546893429915366,1.178190031579992,1.201559573949168,1.2680689402126883,1.3426826716817577,1.4468800507869854,1.5696598055263804,1.7204853627536392,1.9209169013173613,2.1505431401016804,2.5235190665770943,2.959218878993424,3.9282362783708464,5.978198005487255,39.58377610883608,129.5344887651852
